employee_id,age,gender,department,education,experience_years,monthly_salary,training_hours,projects_done,attendance_pct,overtime_hours,satisfaction_score,manager_rating,performance
EMP0001,50,Female,HR,Master,11,94806,18,8,89.7,37,2.3,1.7,Low
EMP0002,36,Male,Marketing,Master,3,67814,57,18,80.2,21,3.3,4.9,High
EMP0003,29,Female,Marketing,Master,28,95219,22,13,92.4,33,1.3,3.9,Low
EMP0004,42,Female,Marketing,Bachelor,22,74646,53,21,86.5,18,4.3,3.5,High
EMP0005,40,Female,Engineering,Bachelor,5,64884,79,9,83.6,19,3.2,1.2,Medium
EMP0006,44,Female,Finance,Master,9,94322,64,10,75.1,13,3.7,4.5,Medium
EMP0007,32,Female,Marketing,Bachelor,17,46650,11,21,89.1,32,3.8,4.3,Medium
EMP0008,32,Male,Finance,Bachelor,14,119242,23,23,99.2,9,2.2,3.7,High
EMP0009,45,Female,Marketing,Bachelor,7,34190,33,9,94.8,15,2.9,2.4,Medium
EMP0010,57,Male,Marketing,Bachelor,25,63196,52,15,71.8,3,4.8,1.3,High
EMP0011,45,Male,Sales,Diploma,8,64449,7,20,81.3,26,4.1,3.3,Medium
EMP0012,24,Female,HR,Bachelor,4,64661,17,2,97.8,27,4.9,3.9,Low
EMP0013,43,Male,Engineering,Bachelor,9,54709,56,13,85.1,15,4.0,1.4,Medium
EMP0014,23,Female,Sales,Bachelor,19,105428,4,2,89.9,32,1.7,3.5,Low
EMP0015,45,Male,Finance,Master,5,100179,25,19,97.4,18,1.3,2.1,Low
EMP0016,51,Female,Marketing,Master,15,34943,29,2,96.2,20,3.3,4.1,Low
EMP0017,23,Male,Engineering,Bachelor,23,68240,53,3,85.1,21,2.4,3.2,Low
EMP0018,42,Female,Engineering,PhD,26,70760,12,6,83.1,8,2.1,1.5,Low
EMP0019,54,Female,Finance,Master,2,46042,28,3,80.2,8,4.2,3.1,Low
EMP0020,33,Male,Engineering,Diploma,9,68894,2,10,91.6,8,2.5,2.6,Low
EMP0021,43,Male,Engineering,PhD,10,31869,57,24,78.6,26,2.3,1.7,High
EMP0022,46,Female,Engineering,Bachelor,10,86078,75,6,77.5,16,4.4,4.4,Medium
EMP0023,48,Male,Engineering,Bachelor,16,81759,1,23,80.7,7,4.4,1.0,High
EMP0024,49,Male,Engineering,Bachelor,3,69306,74,16,75.3,15,2.4,2.2,Medium
EMP0025,37,Male,Sales,Bachelor,3,80371,27,17,90.9,17,4.3,1.1,Low
EMP0026,36,Male,Sales,Diploma,16,45918,76,19,88.5,32,4.4,1.4,High
EMP0027,24,Female,Marketing,Bachelor,8,53379,75,3,84.5,0,2.7,2.2,Medium
EMP0028,28,Female,HR,Bachelor,18,115810,1,18,81.7,11,1.3,1.2,Low
EMP0029,42,Male,Finance,PhD,4,108232,6,7,97.3,5,1.0,3.4,Low
EMP0030,30,Male,Engineering,Master,21,27962,25,9,70.9,4,3.1,1.3,Low
EMP0031,39,Female,Engineering,Bachelor,23,38851,75,20,93.1,15,2.4,3.8,High
EMP0032,25,Male,Finance,Bachelor,5,70747,15,12,97.1,17,5.0,1.2,Low
EMP0033,46,Male,Engineering,Bachelor,2,77349,22,5,83.4,17,4.1,1.2,Low
EMP0034,35,Female,HR,PhD,21,95832,39,3,86.5,0,4.0,2.2,Low
EMP0035,30,Female,HR,Bachelor,0,81356,59,11,98.3,18,4.8,4.6,Medium
EMP0036,47,Female,Finance,Bachelor,19,39745,72,4,76.4,7,4.6,3.6,Medium
EMP0037,23,Female,Engineering,Master,21,30730,31,5,85.6,2,2.3,4.1,Medium
EMP0038,41,Male,Sales,Bachelor,15,38921,14,1,84.2,24,1.7,1.6,Low
EMP0039,49,Female,Finance,Master,22,96138,12,18,77.8,4,4.0,4.3,Medium
EMP0040,28,Male,Engineering,Master,10,108111,4,12,94.6,39,2.5,1.0,Low
EMP0041,29,Male,Finance,Bachelor,12,44023,74,13,97.0,18,2.9,1.9,Medium
EMP0042,56,Male,Finance,Diploma,26,70349,73,9,93.5,17,3.5,3.5,High
EMP0043,35,Male,Operations,Master,9,106533,51,2,75.9,30,4.6,2.5,Low
EMP0044,38,Female,Engineering,Bachelor,2,108286,76,5,72.6,32,2.7,4.9,Low
EMP0045,57,Male,Marketing,Master,8,66979,40,13,88.2,17,4.1,1.1,Medium
EMP0046,25,Male,HR,PhD,27,47837,52,16,71.7,38,2.1,5.0,High
EMP0047,23,Male,Sales,Master,11,39997,49,16,90.2,15,3.8,3.5,Medium
EMP0048,27,Male,Engineering,Bachelor,22,113603,14,24,85.9,15,1.0,3.2,Medium
EMP0049,25,Female,Finance,Diploma,13,70039,6,3,89.9,37,4.5,1.2,Low
EMP0050,50,Male,Engineering,Bachelor,0,45923,39,22,87.7,6,1.1,2.1,Medium
EMP0051,39,Female,Sales,Bachelor,17,33876,27,4,82.7,13,3.9,4.7,Low
EMP0052,47,Male,Engineering,Bachelor,16,85973,31,11,76.0,24,1.2,2.4,Low
EMP0053,55,Male,Marketing,Bachelor,26,27887,14,23,79.2,31,2.1,3.6,High
EMP0054,31,Female,Marketing,PhD,8,88723,69,14,85.7,37,3.0,5.0,High
EMP0055,57,Male,Finance,Bachelor,8,67422,64,3,89.6,21,2.7,2.1,Low
EMP0056,35,Female,Sales,Bachelor,22,76413,3,16,93.4,15,1.8,3.3,Medium
EMP0057,52,Male,Engineering,Diploma,9,27841,10,22,93.0,28,2.3,3.8,Medium
EMP0058,36,Male,Finance,Bachelor,18,53756,25,15,99.2,15,3.9,1.7,Medium
EMP0059,29,Female,HR,Bachelor,28,96576,60,10,78.6,11,3.7,1.6,Medium
EMP0060,35,Male,Engineering,Bachelor,14,35304,36,9,72.1,16,1.3,2.8,Low
EMP0061,44,Male,Finance,Bachelor,4,55341,22,11,80.4,36,4.0,2.5,Medium
EMP0062,42,Female,Operations,Bachelor,14,29758,39,16,92.3,26,1.2,3.9,Medium
EMP0063,37,Male,Finance,Master,19,42010,76,10,83.1,24,3.2,1.3,Low
EMP0064,39,Female,Finance,Bachelor,22,85758,22,17,94.5,12,2.0,4.9,High
EMP0065,45,Male,Operations,Bachelor,29,56658,15,19,86.5,7,3.4,1.1,Medium
EMP0066,47,Female,Engineering,PhD,24,74002,60,2,97.9,4,2.0,3.4,Medium
EMP0067,46,Female,HR,Master,27,26375,67,24,98.4,11,4.9,3.3,High
EMP0068,50,Female,Operations,Bachelor,1,47092,79,23,72.1,2,2.2,1.5,Medium
EMP0069,36,Female,Engineering,Master,12,25490,30,2,83.7,34,2.0,1.6,Low
EMP0070,22,Male,Finance,Bachelor,23,28729,52,6,88.3,32,2.1,4.2,Low
EMP0071,46,Female,HR,Master,15,30974,24,19,77.7,21,4.6,4.6,High
EMP0072,28,Male,HR,Master,14,110216,43,8,82.2,8,3.5,2.1,Low
EMP0073,30,Male,Finance,Bachelor,24,108860,11,3,90.3,17,3.9,2.8,Low
EMP0074,45,Male,Operations,Diploma,9,46398,8,14,76.8,28,4.7,2.4,Low
EMP0075,22,Male,Marketing,Bachelor,13,59650,11,16,88.1,38,4.6,1.3,Medium
EMP0076,29,Male,Engineering,PhD,9,46292,68,1,90.9,26,4.0,3.7,Medium
EMP0077,45,Female,Marketing,Bachelor,24,28159,53,21,72.7,35,1.8,4.3,High
EMP0078,32,Female,Engineering,PhD,13,87766,53,3,84.9,16,4.4,2.2,Medium
EMP0079,38,Female,Sales,Master,25,119887,27,22,77.9,33,1.8,5.0,High
EMP0080,29,Male,Sales,PhD,29,42065,55,18,91.7,2,4.0,1.3,High
EMP0081,56,Female,HR,Bachelor,22,46638,68,9,75.7,4,3.7,3.6,High
EMP0082,56,Male,Sales,Master,8,26073,76,6,96.8,13,4.0,2.8,High
EMP0083,54,Male,Operations,Master,24,71511,57,23,82.9,2,3.1,2.8,High
EMP0084,26,Male,Finance,Master,13,109307,77,21,75.9,22,3.6,2.8,High
EMP0085,49,Male,Finance,Master,2,54320,74,1,83.1,38,4.8,2.0,Medium
EMP0086,28,Female,Engineering,Master,19,94876,41,21,82.3,29,1.4,3.9,High
EMP0087,30,Female,Operations,Bachelor,15,59924,37,10,82.9,22,2.2,3.9,Medium
EMP0088,29,Male,Operations,Bachelor,1,106720,67,6,87.6,26,3.4,2.1,Low
EMP0089,33,Male,Marketing,Master,9,65734,52,23,85.6,9,4.9,4.3,High
EMP0090,55,Male,Engineering,Bachelor,2,93116,32,12,74.5,24,1.4,2.3,Low
EMP0091,54,Male,Engineering,Diploma,10,65025,70,4,72.0,12,1.1,3.9,Low
EMP0092,44,Female,Engineering,Master,10,119503,55,13,91.9,15,1.2,1.5,Low
EMP0093,45,Male,Engineering,Diploma,20,27159,71,17,86.8,33,1.2,1.7,Medium
EMP0094,56,Male,Sales,Bachelor,20,73940,50,8,80.8,36,4.6,2.3,Medium
EMP0095,43,Male,Operations,Diploma,21,104436,73,20,94.3,21,3.9,3.4,High
EMP0096,48,Female,Sales,PhD,12,101976,42,3,81.6,16,3.7,3.6,Medium
EMP0097,56,Female,Engineering,Master,6,39678,14,12,93.9,22,3.1,2.6,Low
EMP0098,22,Female,Sales,Master,22,86075,37,7,79.2,35,4.1,1.3,Low
EMP0099,56,Female,Engineering,Bachelor,16,72204,14,12,72.2,8,1.6,2.5,Medium
EMP0100,35,Male,Engineering,PhD,29,37021,4,2,98.0,1,2.6,3.8,Medium
EMP0101,24,Male,Engineering,Master,1,31772,53,24,81.8,31,3.0,3.7,High
EMP0102,22,Female,Engineering,Bachelor,11,92163,50,14,93.8,21,1.4,1.6,Low
EMP0103,26,Female,Marketing,Bachelor,24,98755,9,22,78.4,12,2.7,1.0,Medium
EMP0104,47,Female,Operations,Diploma,9,48464,11,23,89.4,7,2.3,4.0,High
EMP0105,35,Female,Sales,Diploma,17,76137,3,5,96.2,0,1.1,1.4,Low
EMP0106,48,Female,Sales,Diploma,21,55232,17,9,71.2,16,1.5,1.3,Low
EMP0107,30,Female,Marketing,Master,26,86497,79,21,94.9,11,4.1,1.0,High
EMP0108,36,Female,Engineering,Bachelor,10,99024,35,11,87.1,3,1.1,2.7,Low
EMP0109,36,Female,Engineering,Bachelor,15,76448,24,5,88.2,12,4.7,3.0,Medium
EMP0110,47,Female,Marketing,Bachelor,16,109517,75,3,85.7,30,1.3,3.6,Medium
EMP0111,34,Female,Engineering,Bachelor,18,25901,35,17,96.2,6,4.2,2.2,High
EMP0112,53,Male,Finance,Bachelor,17,112980,66,2,71.3,22,4.6,3.8,High
EMP0113,53,Female,HR,Bachelor,2,108597,8,24,77.8,23,4.8,1.7,Medium
EMP0114,25,Male,Sales,Bachelor,20,27881,60,1,96.3,4,4.5,4.3,High
EMP0115,51,Female,Sales,Diploma,26,54863,52,7,92.6,4,2.2,3.3,Medium
EMP0116,44,Female,Marketing,Bachelor,25,30622,17,14,70.5,16,2.3,3.3,Medium
EMP0117,36,Male,Engineering,Diploma,15,26378,42,5,85.5,29,2.7,1.8,Medium
EMP0118,50,Male,Engineering,Master,5,108168,34,19,85.9,8,1.6,1.3,Medium
EMP0119,57,Male,Finance,Bachelor,24,118847,62,11,82.0,5,1.1,2.9,Low
EMP0120,34,Male,HR,Bachelor,11,96186,77,23,78.9,24,4.5,3.5,High
EMP0121,53,Female,Engineering,Bachelor,10,70201,3,2,90.5,18,3.2,1.4,Low
EMP0122,28,Male,Operations,Bachelor,14,84251,40,8,76.2,15,3.4,4.8,Medium
EMP0123,43,Male,Sales,Master,14,97572,44,9,94.0,20,4.7,4.9,High
EMP0124,49,Male,Marketing,Bachelor,15,64255,49,3,94.1,1,3.7,3.2,Medium
EMP0125,23,Female,Marketing,Bachelor,9,88212,78,2,82.5,9,3.8,4.8,High
EMP0126,27,Female,Finance,Bachelor,11,75210,27,7,78.5,15,4.1,1.7,Low
EMP0127,49,Male,HR,Diploma,27,47499,41,5,78.5,36,1.5,1.1,Low
EMP0128,49,Male,Operations,PhD,12,76628,79,21,84.5,14,2.4,1.2,High
EMP0129,41,Male,Engineering,Master,3,86360,75,5,91.6,12,4.9,3.4,Medium
EMP0130,51,Female,Finance,Bachelor,6,29603,68,20,80.8,12,4.7,1.2,Medium
EMP0131,32,Female,Engineering,PhD,21,118309,0,13,88.3,31,4.5,4.8,Medium
EMP0132,49,Male,Sales,PhD,1,110473,38,21,81.5,7,2.8,1.6,Medium
EMP0133,46,Male,Sales,Master,25,37632,16,20,79.1,17,4.4,2.2,High
EMP0134,54,Male,Operations,Diploma,26,55607,34,6,70.7,35,1.2,4.3,Medium
EMP0135,22,Female,Operations,Bachelor,26,116873,45,20,70.1,25,1.6,1.9,Medium
EMP0136,48,Male,Engineering,Diploma,26,90756,41,18,76.8,9,2.7,2.0,Medium
EMP0137,34,Male,Engineering,Diploma,14,71994,38,2,82.2,30,2.9,3.6,Medium
EMP0138,24,Male,Finance,Bachelor,7,88382,48,6,95.5,32,2.1,2.1,Low
EMP0139,27,Male,Sales,Master,6,95354,61,9,94.0,28,2.4,1.9,Medium
EMP0140,29,Female,Engineering,Diploma,14,81344,37,3,78.0,4,1.7,2.0,Medium
EMP0141,48,Male,Finance,Bachelor,22,78775,22,1,77.3,12,3.0,3.0,Low
EMP0142,30,Female,HR,Master,13,32349,21,1,76.8,0,4.2,4.9,Low
EMP0143,54,Female,Operations,Diploma,7,96154,3,19,80.2,22,3.6,4.3,Low
EMP0144,45,Male,Engineering,Master,27,52464,48,5,84.9,39,1.4,2.1,High
EMP0145,36,Male,Sales,Bachelor,11,67624,58,13,83.2,2,3.0,2.5,Medium
EMP0146,53,Female,HR,Master,12,62344,72,19,76.5,2,3.8,2.9,High
EMP0147,53,Male,Marketing,Bachelor,29,108791,67,12,73.9,6,3.1,4.9,High
EMP0148,45,Male,HR,Master,10,49299,70,16,70.4,35,2.6,1.7,Medium
EMP0149,33,Female,Finance,Bachelor,16,72975,1,19,74.6,34,3.5,2.4,Low
EMP0150,23,Male,Engineering,Master,28,26462,48,3,91.2,14,4.9,3.9,High
EMP0151,24,Male,Marketing,Master,16,106441,30,12,77.3,39,1.4,4.9,Medium
EMP0152,38,Male,Sales,Master,23,115456,39,5,84.1,2,2.6,1.6,Low
EMP0153,23,Female,Engineering,Master,3,106788,47,2,87.7,28,2.6,1.9,Low
EMP0154,23,Male,Finance,Master,20,65581,50,22,96.6,29,3.3,1.9,High
EMP0155,49,Male,Engineering,Master,7,96289,42,7,96.7,38,1.6,1.1,Low
EMP0156,44,Male,Engineering,Bachelor,4,39175,54,13,92.4,17,1.7,3.4,Medium
EMP0157,53,Male,Marketing,Master,25,31191,48,15,71.1,10,2.1,3.7,Medium
EMP0158,54,Male,Sales,Bachelor,15,108434,79,22,87.3,37,4.8,3.4,High
EMP0159,22,Male,Finance,Diploma,3,109518,56,3,93.6,39,3.9,1.3,Low
EMP0160,40,Female,Sales,Bachelor,27,105158,76,21,70.5,0,3.6,1.3,Medium
EMP0161,23,Male,Marketing,Bachelor,21,91537,14,20,86.5,28,4.3,1.8,Medium
EMP0162,47,Male,Engineering,Master,28,72645,26,5,95.7,9,1.5,2.2,Low
EMP0163,53,Male,Sales,Master,14,48283,67,24,84.2,27,4.4,4.1,High
EMP0164,27,Male,Operations,Bachelor,11,111971,79,8,70.1,30,3.4,1.6,Low
EMP0165,53,Male,Marketing,Master,4,117759,63,22,70.3,18,2.3,1.2,High
EMP0166,25,Female,HR,Master,29,84123,29,1,82.5,2,4.3,2.6,Medium
EMP0167,32,Male,Sales,Master,22,55024,35,8,74.7,35,4.2,2.7,Low
EMP0168,38,Male,Marketing,Bachelor,15,74630,66,24,89.9,14,4.4,2.8,High
EMP0169,45,Male,HR,Master,13,55734,48,18,91.3,32,1.5,4.3,High
EMP0170,26,Female,Marketing,Master,9,25515,75,20,75.3,25,4.9,1.4,High
EMP0171,55,Female,Marketing,Master,6,91727,54,16,96.7,15,4.8,3.8,High
EMP0172,27,Female,Engineering,Master,12,71216,55,18,83.3,35,2.4,2.4,Medium
EMP0173,43,Male,Engineering,Master,19,96833,67,20,74.3,32,1.3,2.2,Medium
EMP0174,32,Female,Finance,Bachelor,27,83755,43,12,92.9,19,1.7,4.7,Medium
EMP0175,37,Male,Engineering,Bachelor,28,52856,30,13,93.7,12,5.0,2.0,High
EMP0176,54,Male,Engineering,Bachelor,4,98870,57,13,89.2,32,3.3,3.6,High
EMP0177,30,Male,Operations,Bachelor,28,49162,52,10,95.6,4,2.4,2.1,High
EMP0178,27,Male,HR,Bachelor,2,31008,78,7,92.1,36,2.2,3.0,High
EMP0179,37,Female,Marketing,Master,14,32987,22,14,96.5,13,2.0,4.1,Medium
EMP0180,50,Female,HR,Bachelor,3,87532,27,24,83.0,26,3.7,4.5,High
EMP0181,24,Male,HR,Diploma,14,28332,15,16,92.4,22,2.7,4.4,High
EMP0182,41,Female,Engineering,Bachelor,13,91323,36,15,100.0,13,4.9,3.3,Medium
EMP0183,57,Female,Sales,PhD,19,63990,20,12,91.7,39,3.7,2.0,Medium
EMP0184,40,Female,Sales,Master,18,34873,78,9,73.4,3,4.2,3.6,High
EMP0185,47,Female,Sales,Bachelor,12,107542,16,8,85.5,38,2.2,3.8,Low
EMP0186,24,Female,Marketing,Bachelor,9,110761,36,18,87.6,18,1.3,1.0,Low
EMP0187,40,Female,Sales,Master,20,61444,76,23,75.2,3,3.0,2.8,High
EMP0188,41,Female,Sales,Bachelor,4,60340,18,18,98.9,29,2.3,4.4,High
EMP0189,53,Male,Sales,Diploma,26,30033,29,13,75.3,18,1.8,3.0,Medium
EMP0190,28,Male,Engineering,Master,22,98324,44,18,75.3,30,4.8,2.2,Medium
EMP0191,54,Female,Sales,Diploma,19,40689,17,15,97.5,30,2.8,4.5,Medium
EMP0192,39,Male,Engineering,Bachelor,28,112134,77,4,84.0,8,1.7,1.6,Medium
EMP0193,22,Female,Engineering,Master,19,25066,61,17,71.9,12,1.8,1.8,Medium
EMP0194,32,Male,Engineering,Master,24,70246,35,5,87.9,13,2.1,3.7,Medium
EMP0195,49,Male,Sales,Master,5,32533,51,22,88.1,9,5.0,2.4,High
EMP0196,46,Male,Marketing,Bachelor,3,105639,18,16,71.9,30,2.1,3.9,Medium
EMP0197,44,Male,Engineering,Master,1,95152,43,9,99.2,36,2.3,1.6,Low
EMP0198,52,Female,Sales,Master,21,84658,6,10,86.3,22,3.6,2.0,Medium
EMP0199,51,Female,Finance,Master,15,63498,43,24,86.8,26,2.2,1.6,Medium
EMP0200,56,Female,Engineering,Bachelor,17,36772,67,18,85.6,5,1.9,4.8,High
EMP0201,28,Female,Operations,Diploma,4,114385,33,17,88.3,25,1.6,2.6,Low
EMP0202,37,Male,HR,Bachelor,21,74036,65,18,77.9,1,2.3,2.3,Medium
EMP0203,47,Male,Sales,PhD,3,83531,68,7,78.6,12,1.4,1.1,Low
EMP0204,23,Female,HR,Diploma,29,37940,54,4,85.3,18,1.1,1.6,Low
EMP0205,22,Male,Engineering,PhD,12,41932,9,5,94.2,0,4.2,2.7,High
EMP0206,33,Male,Finance,Master,18,81827,41,23,71.5,39,1.6,1.3,Medium
EMP0207,26,Male,Sales,Bachelor,22,86431,40,16,88.1,31,4.1,3.0,Medium
EMP0208,53,Male,Operations,Diploma,1,49648,76,3,94.2,21,4.2,2.8,High
EMP0209,30,Female,Engineering,Bachelor,12,57966,68,18,74.7,28,3.2,4.1,High
EMP0210,56,Female,HR,Master,10,52777,9,23,70.5,1,2.2,3.6,Low
EMP0211,40,Male,HR,Master,29,57567,9,21,79.4,39,1.6,2.8,Medium
EMP0212,37,Female,Engineering,Master,21,42174,59,14,87.6,37,3.9,1.9,High
EMP0213,24,Female,Sales,Bachelor,28,67598,50,15,74.1,10,3.4,3.9,High
EMP0214,41,Male,Finance,Master,3,84199,20,17,82.8,16,3.6,3.8,Medium
EMP0215,45,Female,Marketing,PhD,21,38798,7,1,86.6,7,1.0,1.6,Low
EMP0216,54,Female,Sales,Bachelor,19,90364,64,21,88.0,21,4.7,4.7,High
EMP0217,45,Male,Marketing,Diploma,19,42558,77,17,78.2,3,1.3,1.3,Medium
EMP0218,32,Male,Operations,Bachelor,14,86084,29,23,82.0,10,2.5,1.2,Low
EMP0219,29,Male,Marketing,Bachelor,3,69237,48,11,93.4,7,2.6,1.7,Medium
EMP0220,57,Male,Engineering,Bachelor,8,90497,8,17,98.2,8,1.0,4.6,Low
EMP0221,41,Male,Finance,Bachelor,6,25178,16,14,95.9,25,3.0,3.1,Medium
EMP0222,56,Female,Sales,Diploma,18,111006,68,20,86.9,1,4.0,4.2,High
EMP0223,46,Male,Operations,Bachelor,18,42118,57,19,82.3,15,4.3,1.9,Medium
EMP0224,56,Male,HR,Bachelor,5,47616,56,21,80.0,30,4.5,3.0,Medium
EMP0225,46,Female,Engineering,Bachelor,5,25798,61,7,73.7,5,3.0,2.4,Low
EMP0226,50,Female,Finance,Master,19,32601,51,24,73.2,20,3.5,4.3,High
EMP0227,39,Male,Sales,Master,14,50363,60,13,90.7,25,1.3,1.1,Low
EMP0228,39,Male,Operations,Bachelor,14,27795,39,18,77.8,18,3.0,2.0,Low
EMP0229,23,Male,Operations,Bachelor,24,70264,37,23,77.6,27,1.6,1.6,Medium
EMP0230,56,Female,Finance,Diploma,19,97833,42,14,99.9,7,2.5,4.4,High
EMP0231,37,Male,Engineering,Bachelor,8,28084,62,1,75.6,13,2.3,2.9,Low
EMP0232,57,Male,Finance,Master,3,101646,18,7,74.4,23,2.7,2.6,Low
EMP0233,54,Female,Engineering,Bachelor,17,25731,49,8,73.0,36,3.3,2.8,Low
EMP0234,25,Male,Engineering,PhD,17,26129,32,18,87.4,25,4.6,4.9,High
EMP0235,54,Female,Marketing,Bachelor,4,53022,12,9,88.8,30,2.6,4.4,Medium
EMP0236,35,Female,Engineering,Master,19,26605,77,1,81.0,31,4.9,3.8,High
EMP0237,42,Male,Sales,Bachelor,22,102506,61,22,86.1,1,4.0,2.2,High
EMP0238,41,Female,Operations,Diploma,29,69130,42,17,93.7,24,3.0,1.7,High
EMP0239,29,Male,Sales,Bachelor,10,54265,48,19,94.5,1,3.6,4.7,High
EMP0240,28,Female,Sales,PhD,4,57330,35,6,98.7,0,1.4,2.7,Low
EMP0241,24,Male,Operations,Bachelor,21,93469,9,3,94.7,35,4.4,2.1,Medium
EMP0242,38,Female,Engineering,Bachelor,25,40187,5,24,86.9,11,3.3,2.9,Medium
EMP0243,54,Male,Marketing,PhD,3,50791,56,5,75.4,8,4.9,4.7,Medium
EMP0244,33,Female,Operations,Bachelor,28,115436,0,2,73.0,35,3.5,2.5,Low
EMP0245,43,Female,Operations,Diploma,11,95610,70,20,71.6,27,4.3,3.3,High
EMP0246,43,Male,Finance,Diploma,1,116962,57,4,90.0,37,4.2,4.2,Low
EMP0247,51,Female,Sales,Diploma,12,64867,20,10,94.2,32,2.4,2.7,Medium
EMP0248,29,Male,Engineering,Bachelor,9,25893,79,10,85.3,21,2.0,1.9,Low
EMP0249,48,Male,Marketing,PhD,8,44773,55,24,71.6,24,2.7,5.0,High
EMP0250,48,Male,Marketing,Bachelor,9,29239,19,21,86.1,17,2.9,4.8,High
EMP0251,55,Male,HR,Diploma,6,45863,53,11,98.1,5,2.0,4.4,High
EMP0252,42,Male,Engineering,Master,3,76415,24,16,87.9,17,4.6,3.8,High
EMP0253,51,Female,Engineering,PhD,18,93968,27,17,94.3,15,3.2,2.2,Medium
EMP0254,54,Male,Engineering,Master,9,85430,4,16,94.0,14,4.9,4.7,High
EMP0255,49,Female,Finance,Master,29,26515,20,7,98.0,7,4.2,2.1,Medium
EMP0256,54,Male,Sales,Bachelor,2,39605,17,16,93.1,12,3.2,4.2,Low
EMP0257,26,Female,Operations,PhD,24,81240,46,3,92.4,6,4.8,4.7,High
EMP0258,40,Female,Finance,Bachelor,20,30586,69,16,77.0,16,3.0,3.4,High
EMP0259,25,Male,Engineering,Master,28,56186,56,8,71.8,31,4.5,4.2,High
EMP0260,56,Female,Finance,PhD,18,51928,18,12,85.5,21,2.4,4.2,Low
EMP0261,38,Male,Sales,Master,20,108087,64,3,73.7,12,2.5,1.8,Low
EMP0262,49,Female,HR,Bachelor,1,112029,2,17,98.9,22,2.7,3.7,Medium
EMP0263,51,Male,Finance,Master,26,45711,41,21,78.7,28,3.2,1.4,High
EMP0264,50,Female,Marketing,Bachelor,19,79962,20,18,95.6,21,3.2,3.0,Medium
EMP0265,27,Male,Marketing,Master,9,45039,39,11,81.6,0,3.0,1.6,Medium
EMP0266,56,Male,Engineering,Bachelor,1,61561,66,4,79.7,28,2.2,2.7,Low
EMP0267,45,Female,Engineering,Bachelor,1,100483,24,16,98.1,4,4.7,4.3,High
EMP0268,50,Male,Finance,Bachelor,27,106395,54,17,80.9,34,3.4,4.9,High
EMP0269,52,Male,Engineering,Master,23,113658,51,9,81.7,9,2.6,2.3,Medium
EMP0270,56,Male,Sales,Bachelor,16,26577,43,6,73.2,18,3.6,3.1,Low
EMP0271,54,Male,Engineering,Bachelor,15,53350,55,24,90.1,36,4.1,3.0,High
EMP0272,42,Male,Finance,Diploma,15,58798,54,20,78.7,6,4.8,4.8,High
EMP0273,53,Male,Engineering,Bachelor,13,106417,69,2,87.6,34,3.0,2.9,Medium
EMP0274,44,Male,Finance,Master,6,35785,76,9,87.7,12,1.4,3.8,Medium
EMP0275,54,Male,Operations,PhD,20,97227,72,21,91.6,9,2.8,4.7,High
EMP0276,24,Female,Engineering,Diploma,10,86957,65,6,92.4,1,2.9,2.5,Medium
EMP0277,39,Male,Engineering,Master,23,90431,18,3,85.4,5,4.6,4.6,Low
EMP0278,46,Male,Sales,Master,0,42297,6,20,79.9,7,2.6,4.7,Medium
EMP0279,52,Male,Marketing,PhD,10,96894,62,6,95.1,35,4.8,4.7,High
EMP0280,24,Male,Engineering,Bachelor,22,88772,41,7,79.3,24,2.9,2.1,Medium
EMP0281,45,Female,Sales,PhD,20,44581,41,1,85.2,39,4.9,2.6,Medium
EMP0282,53,Male,Engineering,Bachelor,3,80192,58,23,82.0,6,1.0,4.5,High
EMP0283,43,Male,Marketing,Diploma,6,26462,19,1,95.7,22,4.6,2.4,Low
EMP0284,44,Female,Sales,Bachelor,25,89173,72,5,83.0,18,4.7,3.4,High
EMP0285,23,Female,Marketing,Master,14,40511,16,6,81.6,21,4.8,1.5,Low
EMP0286,48,Male,Operations,Bachelor,17,101106,26,13,90.7,12,1.1,1.2,Low
EMP0287,23,Female,Engineering,Master,11,73665,46,2,88.1,20,1.7,2.6,Low
EMP0288,47,Female,Marketing,Bachelor,16,69414,1,15,73.2,0,3.6,3.3,Low
EMP0289,38,Male,Engineering,Diploma,0,106010,62,15,85.2,18,1.1,2.6,Medium
EMP0290,54,Female,Operations,PhD,10,97573,61,13,92.1,32,1.3,3.3,High
EMP0291,30,Female,Finance,Bachelor,27,118665,18,14,99.8,3,1.9,3.1,Medium
EMP0292,50,Male,Marketing,PhD,0,38386,16,22,88.9,2,3.0,3.7,Medium
EMP0293,47,Male,Engineering,PhD,14,79460,68,7,81.1,26,3.2,3.6,Low
EMP0294,56,Male,Engineering,Master,27,31221,38,14,76.8,34,1.1,2.7,Medium
EMP0295,46,Female,Sales,Bachelor,20,48474,70,24,96.2,27,1.7,2.7,High
EMP0296,45,Female,Sales,Bachelor,9,46045,38,10,94.4,5,3.0,1.6,Low
EMP0297,34,Female,Engineering,Bachelor,6,116319,35,17,77.0,5,3.4,3.1,Medium
EMP0298,28,Male,Sales,Bachelor,1,29922,39,14,76.0,22,1.6,3.3,Low
EMP0299,57,Female,Engineering,Diploma,9,47706,44,8,91.5,32,2.6,2.9,Low
EMP0300,41,Female,Sales,Bachelor,23,67771,3,4,79.4,15,4.6,2.3,Low
EMP0301,22,Male,Marketing,PhD,3,77335,24,16,79.2,23,5.0,3.9,Low
EMP0302,29,Male,Sales,Bachelor,11,77949,68,24,74.6,4,4.9,1.3,High
EMP0303,37,Female,Engineering,Master,18,95714,29,13,77.9,12,4.5,4.7,Medium
EMP0304,35,Male,Sales,PhD,25,40240,75,22,82.8,11,2.6,1.1,High
EMP0305,33,Female,Engineering,Diploma,10,116756,67,20,92.0,4,3.7,4.8,High
EMP0306,44,Male,Operations,Bachelor,7,27716,28,18,80.1,36,2.7,2.8,Medium
EMP0307,36,Male,Engineering,Master,17,41574,72,14,79.9,30,3.6,2.7,High
EMP0308,49,Male,Finance,Bachelor,10,108255,67,18,78.5,27,2.2,2.0,Low
EMP0309,55,Male,Operations,Bachelor,10,98717,50,5,84.3,27,3.4,1.0,Low
EMP0310,23,Female,Marketing,Bachelor,12,69066,23,9,75.4,29,3.1,2.1,Low
EMP0311,53,Male,Finance,Master,2,86826,13,3,84.6,17,1.1,1.4,Low
EMP0312,44,Female,Marketing,Bachelor,11,45213,68,8,91.1,26,4.2,3.6,Medium
EMP0313,43,Male,Operations,Master,2,96916,17,20,70.9,34,1.0,2.3,Medium
EMP0314,46,Female,Finance,Bachelor,9,91151,41,22,70.3,25,2.2,4.1,High
EMP0315,43,Male,HR,Master,26,75906,56,10,72.3,38,1.0,1.8,Medium
EMP0316,43,Female,Finance,Bachelor,16,25463,11,22,86.1,17,2.5,4.6,Medium
EMP0317,27,Female,HR,Master,21,56973,16,19,95.6,32,1.3,3.1,Medium
EMP0318,36,Male,Finance,Diploma,1,99694,29,21,70.1,24,4.7,1.5,Medium
EMP0319,54,Male,Sales,Master,16,45651,74,3,98.1,30,2.7,2.6,Medium
EMP0320,29,Female,Engineering,PhD,15,93694,22,11,73.2,36,2.8,1.8,Low
EMP0321,26,Female,Engineering,Bachelor,1,45008,0,11,95.3,1,2.4,1.8,Low
EMP0322,25,Male,Engineering,Master,27,95474,78,17,84.5,32,3.5,3.0,High
EMP0323,27,Female,Engineering,Bachelor,21,63185,31,16,89.8,38,4.1,3.7,Medium
EMP0324,53,Female,Engineering,Bachelor,29,112924,8,7,85.3,31,3.6,4.6,Low
EMP0325,51,Female,HR,Master,19,99417,14,4,84.3,17,4.0,3.0,Medium
EMP0326,56,Female,Sales,Diploma,5,96139,27,23,95.0,16,4.6,4.9,High
EMP0327,37,Female,Marketing,Bachelor,27,59980,23,19,92.7,33,4.5,4.8,High
EMP0328,34,Male,Engineering,Master,24,47504,59,12,84.5,38,3.7,4.5,High
EMP0329,51,Male,Engineering,Master,28,79970,34,15,73.3,6,1.9,3.0,Medium
EMP0330,40,Male,Finance,Bachelor,9,41766,26,11,73.5,34,3.6,1.6,Medium
EMP0331,38,Female,HR,Bachelor,27,118922,75,5,94.0,29,3.0,1.9,Low
EMP0332,40,Female,Engineering,Bachelor,9,36695,19,5,85.9,11,3.9,3.6,Low
EMP0333,49,Male,Marketing,Bachelor,7,42796,64,15,84.4,34,4.3,2.7,High
EMP0334,47,Female,Marketing,Bachelor,0,67543,48,18,90.4,10,4.0,1.6,High
EMP0335,47,Female,Sales,Bachelor,12,39559,0,11,95.8,3,4.4,2.9,Medium
EMP0336,44,Male,Sales,Bachelor,23,58139,9,12,88.9,24,1.3,1.1,Low
EMP0337,30,Male,Operations,Master,8,33802,46,2,92.9,31,1.1,3.9,Medium
EMP0338,33,Male,Finance,Master,21,98843,58,20,93.0,19,2.0,1.3,High
EMP0339,22,Male,HR,Diploma,9,65205,61,15,80.7,30,4.6,3.5,High
EMP0340,22,Male,Marketing,Bachelor,14,59159,17,20,78.2,3,4.3,4.2,Low
EMP0341,55,Male,Sales,PhD,4,36516,45,4,94.0,37,3.7,1.5,Low
EMP0342,53,Male,Sales,Diploma,21,75492,31,22,81.3,0,3.8,3.1,High
EMP0343,46,Male,Engineering,Master,15,54086,26,18,97.1,2,3.9,4.1,High
EMP0344,22,Male,Marketing,Bachelor,12,55480,17,6,72.1,36,4.8,2.0,Low
EMP0345,37,Male,HR,PhD,21,77091,38,23,71.7,21,4.3,1.7,Medium
EMP0346,26,Female,Finance,Bachelor,24,72766,48,19,97.8,16,3.5,2.3,High
EMP0347,43,Male,Engineering,Bachelor,19,63737,43,11,89.5,13,3.7,3.2,High
EMP0348,50,Female,Engineering,Master,17,34265,71,24,81.4,34,1.9,3.3,High
EMP0349,24,Female,HR,Master,10,95990,53,2,92.7,12,3.6,1.5,Low
EMP0350,33,Male,Finance,Bachelor,26,116717,33,8,90.2,34,2.7,2.8,Low
EMP0351,47,Male,HR,Diploma,8,40386,70,11,85.9,1,1.6,2.1,Low
EMP0352,37,Male,Engineering,Master,15,62425,35,5,73.0,12,4.2,4.4,Low
EMP0353,43,Female,Marketing,Master,1,68254,17,18,94.4,15,3.0,2.3,Medium
EMP0354,50,Female,Engineering,Diploma,25,114863,37,23,96.0,17,4.9,4.4,High
EMP0355,35,Male,Operations,Bachelor,24,78634,58,18,75.2,6,2.1,2.7,High
EMP0356,49,Male,Engineering,Diploma,1,111717,8,14,95.5,35,2.9,3.9,Low
EMP0357,26,Male,Finance,Master,11,72662,72,22,96.3,29,2.8,3.0,High
EMP0358,51,Male,Engineering,Bachelor,7,111988,71,10,86.5,6,1.5,3.5,High
EMP0359,26,Female,Operations,PhD,8,112527,50,3,89.7,14,2.7,2.6,Low
EMP0360,33,Male,Sales,Master,11,100452,34,9,81.5,39,2.2,4.1,Low
EMP0361,37,Female,Engineering,PhD,25,35143,4,3,78.5,18,1.6,2.7,Low
EMP0362,47,Male,Sales,Diploma,8,116391,13,11,91.7,36,2.1,2.8,Medium
EMP0363,47,Female,Engineering,PhD,9,40581,29,12,95.9,1,1.9,3.1,Low
EMP0364,42,Male,Engineering,Master,24,92443,3,12,89.6,12,3.9,4.3,Medium
EMP0365,57,Male,Operations,Diploma,1,54424,38,3,85.3,39,1.1,3.6,Low
EMP0366,54,Female,Sales,Master,15,113844,63,21,74.8,30,3.5,2.4,High
EMP0367,51,Male,Marketing,Bachelor,19,66984,24,7,71.6,15,4.0,3.7,Low
EMP0368,44,Female,Finance,Diploma,6,66505,27,14,83.4,5,2.9,3.6,Medium
EMP0369,31,Female,Finance,Bachelor,27,87699,75,24,71.5,27,4.7,4.7,High
EMP0370,26,Female,Engineering,Master,1,51957,65,11,87.1,31,3.8,4.4,Medium
EMP0371,57,Female,Engineering,Diploma,0,50464,77,7,81.5,9,4.0,3.6,High
EMP0372,55,Female,Marketing,Master,18,48649,21,21,92.7,17,1.8,2.4,High
EMP0373,52,Female,Operations,Master,27,67065,30,10,79.2,3,4.1,4.1,High
EMP0374,31,Female,Engineering,PhD,3,117661,22,11,87.8,8,4.3,3.3,Medium
EMP0375,40,Female,Engineering,Master,23,59758,47,15,86.1,6,2.4,4.9,High
EMP0376,53,Male,Sales,Diploma,21,30596,19,19,70.1,7,1.9,2.0,Low
EMP0377,22,Male,Operations,Bachelor,26,41374,37,16,72.2,6,2.5,1.3,Medium
EMP0378,26,Male,Engineering,Bachelor,1,28775,54,22,78.7,39,4.0,1.3,Medium
EMP0379,25,Male,Sales,Bachelor,24,52388,67,21,96.5,2,2.7,3.6,High
EMP0380,37,Male,Operations,Master,13,46029,78,20,74.4,16,3.9,4.8,High
EMP0381,45,Male,Engineering,Master,1,108981,0,12,91.3,1,1.5,1.0,Low
EMP0382,37,Male,Engineering,PhD,28,78639,6,18,99.2,14,4.2,3.9,High
EMP0383,23,Female,Finance,Bachelor,14,39645,56,23,93.7,28,2.0,3.6,Medium
EMP0384,49,Female,Operations,Master,11,56105,11,13,77.3,21,2.0,3.9,Medium
EMP0385,53,Male,Engineering,Bachelor,4,38668,4,5,97.3,3,3.4,2.4,Low
EMP0386,48,Male,Sales,Bachelor,27,40960,49,4,72.8,5,1.3,4.3,Low
EMP0387,41,Female,Sales,Master,19,36357,41,14,84.0,37,1.1,1.2,Low
EMP0388,45,Male,Sales,Bachelor,28,89604,11,8,96.6,25,2.0,4.0,High
EMP0389,33,Female,Finance,Bachelor,6,76796,17,9,89.2,10,3.2,2.1,Low
EMP0390,56,Male,Sales,Bachelor,23,40804,65,19,82.4,25,4.6,2.9,High
EMP0391,54,Male,Sales,Bachelor,20,39626,73,3,78.8,16,4.4,4.3,High
EMP0392,54,Female,Sales,Master,9,53132,78,5,81.3,23,3.0,2.1,Low
EMP0393,33,Male,HR,Bachelor,13,32951,16,21,85.3,27,1.1,1.7,Low
EMP0394,24,Female,HR,Master,13,31449,67,18,79.6,34,3.1,3.7,High
EMP0395,22,Female,Marketing,PhD,4,44065,70,1,99.1,30,3.8,3.1,Low
EMP0396,54,Male,Engineering,Master,17,34130,61,8,98.0,12,2.4,3.1,High
EMP0397,31,Female,Marketing,Diploma,23,114360,40,19,96.1,34,1.4,2.0,Medium
EMP0398,50,Female,Marketing,Master,13,87287,33,17,82.7,15,2.1,1.1,Medium
EMP0399,34,Male,Sales,Master,1,76702,69,17,90.7,14,4.1,2.6,High
EMP0400,33,Female,Sales,Diploma,25,61993,44,11,97.1,17,2.4,1.4,Low
EMP0401,52,Female,Sales,Bachelor,11,56875,57,2,95.5,36,4.2,4.6,Medium
EMP0402,23,Female,Engineering,Diploma,21,31054,50,6,82.4,26,2.3,1.2,Low
EMP0403,56,Female,Sales,Bachelor,23,73517,33,22,73.4,34,1.7,2.7,High
EMP0404,44,Male,Engineering,Bachelor,5,101368,43,14,72.3,34,2.7,1.2,Low
EMP0405,38,Female,Engineering,Bachelor,3,54670,14,3,87.3,27,2.8,1.4,Low
EMP0406,47,Female,Marketing,Master,12,74112,77,12,89.3,38,1.1,3.6,High
EMP0407,29,Female,Sales,Master,3,113388,69,4,95.5,37,1.5,3.6,Low
EMP0408,50,Female,Marketing,Master,21,114156,49,12,78.8,8,1.7,1.1,Medium
EMP0409,47,Female,HR,Bachelor,13,53307,31,13,75.0,11,1.5,1.0,Low
EMP0410,31,Male,Marketing,Bachelor,15,92087,66,2,81.4,14,2.4,1.3,Low
EMP0411,47,Female,HR,Bachelor,28,72922,2,2,80.6,20,4.9,4.1,Low
EMP0412,55,Male,Engineering,Bachelor,3,88080,73,15,74.0,34,3.0,3.3,High
EMP0413,28,Female,Finance,Diploma,23,118348,50,23,90.2,32,3.5,1.2,Medium
EMP0414,25,Female,Engineering,Bachelor,24,104335,66,17,85.3,18,2.4,3.0,High
EMP0415,32,Male,Sales,PhD,0,51312,75,7,91.6,22,2.3,3.8,Low
EMP0416,50,Male,Operations,PhD,12,91985,47,14,80.6,12,1.1,4.5,Medium
EMP0417,57,Male,Engineering,Bachelor,3,82608,16,12,79.8,0,3.0,4.7,Medium
EMP0418,46,Male,Sales,Master,19,114962,6,17,84.2,28,2.9,2.3,High
EMP0419,42,Female,Finance,Bachelor,17,65277,12,14,96.3,23,1.6,1.5,Low
EMP0420,57,Female,Operations,Bachelor,5,56551,65,6,71.2,15,4.1,1.9,Medium
EMP0421,31,Female,Finance,Bachelor,2,114813,3,19,94.1,24,3.0,4.1,Low
EMP0422,30,Male,Engineering,Master,22,81597,9,24,81.1,22,2.4,4.9,High
EMP0423,45,Female,Finance,Bachelor,12,70212,16,6,95.6,27,1.6,2.9,Low
EMP0424,56,Male,Sales,Master,26,34637,51,18,94.1,15,3.2,2.2,High
EMP0425,56,Male,Finance,Master,15,68258,5,24,80.5,37,4.0,2.7,Medium
EMP0426,57,Female,Operations,Bachelor,26,60693,68,5,90.8,10,2.1,2.2,Medium
EMP0427,39,Female,Finance,Master,4,34824,73,24,74.8,2,1.9,2.0,High
EMP0428,53,Male,Marketing,PhD,3,51950,8,24,96.9,14,3.1,3.4,Medium
EMP0429,45,Male,Engineering,Bachelor,20,48488,76,6,82.1,0,1.6,1.1,Low
EMP0430,44,Male,Finance,Bachelor,7,25215,20,2,83.7,6,3.7,2.0,Low
EMP0431,53,Male,Marketing,Master,18,36523,23,8,91.2,0,3.4,3.6,Medium
EMP0432,33,Female,Engineering,Bachelor,13,100900,3,15,94.6,31,1.3,1.1,Medium
EMP0433,34,Male,Marketing,Master,6,93689,23,15,77.1,8,1.1,1.3,Low
EMP0434,44,Male,Engineering,Bachelor,13,48834,58,11,89.8,28,3.5,2.2,High
EMP0435,46,Male,Finance,Bachelor,5,59474,2,22,81.8,25,2.2,4.5,Medium
EMP0436,56,Male,Marketing,Bachelor,11,68066,67,22,81.1,22,1.3,4.1,High
EMP0437,51,Male,Finance,Bachelor,15,35400,39,24,90.7,28,4.0,1.1,Medium
EMP0438,38,Male,Engineering,Master,16,35345,47,1,81.6,37,2.3,3.0,Low
EMP0439,41,Male,HR,Bachelor,12,58896,53,18,80.4,32,2.8,2.1,Medium
EMP0440,46,Male,HR,PhD,22,110430,34,12,95.1,6,1.9,3.6,Medium
EMP0441,43,Female,Operations,Diploma,13,53899,55,12,73.0,11,3.5,3.9,Low
EMP0442,34,Male,Sales,Master,28,53229,39,11,90.3,30,2.2,4.5,High
EMP0443,40,Female,Sales,PhD,6,30583,76,8,77.5,31,4.9,2.9,High
EMP0444,57,Male,Finance,Bachelor,13,29897,67,7,70.5,19,3.8,5.0,High
EMP0445,33,Female,Sales,Bachelor,14,96537,45,23,75.0,16,1.5,4.9,High
EMP0446,40,Female,Finance,Master,11,29567,77,21,88.2,35,2.7,4.5,High
EMP0447,33,Female,Finance,Bachelor,16,99807,12,2,91.3,2,2.5,3.3,Low
EMP0448,30,Female,Operations,Master,8,102239,26,11,70.6,0,3.1,2.6,Low
EMP0449,28,Male,HR,Bachelor,21,38329,5,22,71.1,26,4.4,2.5,High
EMP0450,49,Male,HR,Master,14,96792,16,10,97.1,39,3.3,1.0,Low
EMP0451,35,Male,Engineering,Diploma,11,25228,35,3,72.2,32,1.2,2.0,Low
EMP0452,52,Female,Engineering,Diploma,1,115282,1,20,96.8,19,3.6,3.9,Low
EMP0453,40,Male,Engineering,Master,4,107214,76,10,76.8,13,1.0,3.4,Medium
EMP0454,37,Male,Engineering,Master,12,62052,51,18,92.2,35,4.1,4.7,High
EMP0455,26,Female,Finance,Master,26,82769,65,14,79.3,4,3.7,1.2,High
EMP0456,56,Female,Finance,Master,19,71032,51,18,95.8,22,2.2,1.6,High
EMP0457,33,Female,HR,Bachelor,22,113721,42,24,91.0,14,2.2,4.2,High
EMP0458,46,Female,Marketing,Bachelor,7,58686,21,8,82.1,5,4.2,2.4,Low
EMP0459,42,Female,Operations,Master,26,101981,54,10,72.3,32,4.1,1.5,Low
EMP0460,57,Male,Marketing,Diploma,13,88261,66,22,92.0,18,2.4,5.0,High
EMP0461,44,Male,Finance,Bachelor,14,27809,59,13,88.5,12,2.2,4.1,Medium
EMP0462,37,Male,HR,Master,10,66785,57,21,70.1,28,3.2,2.6,High
EMP0463,35,Male,Sales,Master,0,61547,11,8,70.3,5,1.0,4.3,Low
EMP0464,52,Female,Engineering,Master,20,67818,68,4,94.3,14,1.3,3.7,Low
EMP0465,26,Male,Sales,Master,2,96927,38,4,77.8,15,1.5,4.2,Low
EMP0466,56,Female,Operations,Bachelor,16,90681,12,5,89.1,23,1.7,4.3,Low
EMP0467,44,Male,Marketing,Master,27,104465,40,1,83.6,22,3.0,1.3,Low
EMP0468,50,Female,Engineering,PhD,18,114862,56,17,95.9,9,5.0,3.5,High
EMP0469,32,Female,Sales,Master,13,62333,52,2,97.5,16,3.6,1.0,Low
EMP0470,39,Male,Marketing,Bachelor,21,41576,11,8,99.9,29,1.2,1.2,Low
EMP0471,33,Male,Engineering,Master,29,64405,12,7,74.6,9,3.1,4.6,Low
EMP0472,30,Male,Sales,PhD,22,119000,73,15,95.9,18,3.0,3.1,Medium
EMP0473,31,Male,Marketing,Bachelor,7,98779,56,5,78.0,28,1.6,3.9,Medium
EMP0474,38,Male,Sales,PhD,12,56601,39,2,87.7,1,4.7,4.4,Medium
EMP0475,28,Male,Engineering,PhD,26,92946,79,7,85.2,35,2.8,4.8,High
EMP0476,34,Male,HR,Master,19,92356,44,8,70.5,18,5.0,4.5,Medium
EMP0477,30,Female,Marketing,Diploma,2,77116,34,7,98.0,6,2.7,2.9,Medium
EMP0478,48,Male,HR,PhD,4,87894,2,7,72.3,25,3.4,2.3,Low
EMP0479,23,Female,Engineering,PhD,8,59635,4,14,90.6,14,1.4,1.6,Low
EMP0480,26,Male,Sales,Master,28,32465,10,21,93.6,37,2.8,2.6,Medium
EMP0481,50,Female,Sales,Bachelor,5,81754,70,18,93.9,2,2.0,2.5,High
EMP0482,40,Male,HR,Bachelor,24,117850,55,6,74.1,37,4.3,3.2,Medium
EMP0483,29,Male,Marketing,Master,21,110119,9,4,83.4,15,4.1,3.7,Medium
EMP0484,22,Female,Engineering,Bachelor,1,117691,33,10,94.9,1,4.3,4.9,High
EMP0485,43,Male,Operations,Bachelor,12,63871,66,18,79.1,30,3.9,3.9,High
EMP0486,38,Female,Engineering,Diploma,4,87874,71,12,84.0,27,4.3,3.6,High
EMP0487,28,Female,Sales,PhD,27,102733,30,16,78.2,6,1.8,2.3,Medium
EMP0488,46,Male,Engineering,Master,26,54511,74,7,83.9,29,2.8,1.1,High
EMP0489,25,Male,Sales,Diploma,24,105960,70,6,96.6,6,3.8,2.2,High
EMP0490,57,Male,HR,PhD,7,73821,65,5,83.7,35,3.5,4.1,High
EMP0491,27,Female,HR,Bachelor,22,90776,69,3,86.7,28,3.9,1.8,Low
EMP0492,52,Male,Engineering,Bachelor,0,95167,40,12,82.1,23,1.9,3.8,Low
EMP0493,40,Male,Finance,Master,19,100135,62,15,83.8,38,1.4,3.3,Medium
EMP0494,48,Male,Engineering,Master,11,69462,31,10,70.5,3,4.7,1.7,Low
EMP0495,31,Female,Marketing,Bachelor,22,86382,19,20,78.5,28,3.2,2.0,Medium
EMP0496,47,Male,Operations,Master,10,115194,56,19,83.1,4,1.6,3.0,High
EMP0497,40,Male,Sales,Bachelor,6,57574,49,16,89.0,28,4.2,2.7,High
EMP0498,24,Female,HR,Master,14,66910,79,11,83.5,29,4.7,4.1,High
EMP0499,34,Female,Sales,PhD,21,98531,24,8,80.1,28,1.7,3.9,Low
EMP0500,49,Male,Engineering,Master,23,50186,11,3,81.6,25,4.3,3.3,Low
EMP0501,41,Male,Sales,Diploma,10,119781,70,23,77.3,18,4.7,4.3,High
EMP0502,49,Male,Marketing,PhD,28,47813,38,7,97.7,25,4.8,3.3,High
EMP0503,29,Female,HR,Diploma,21,103812,16,23,85.7,36,4.7,4.9,High
EMP0504,22,Male,Engineering,Diploma,25,110525,44,7,70.4,26,3.2,1.9,Low
EMP0505,24,Male,Marketing,PhD,15,103282,10,14,70.6,29,2.4,3.9,Low
EMP0506,34,Female,HR,Master,2,43557,69,2,99.2,29,1.0,2.5,Low
EMP0507,49,Female,Marketing,Bachelor,19,53060,22,10,76.6,2,1.2,2.1,Low
EMP0508,46,Male,HR,Master,13,83866,69,19,94.2,6,2.7,1.7,High
EMP0509,54,Female,HR,Master,2,97104,37,9,71.7,8,2.6,3.2,Low
EMP0510,27,Male,Engineering,Bachelor,0,109577,1,16,97.6,12,1.7,1.9,Low
EMP0511,53,Male,Engineering,Bachelor,25,31080,78,19,96.2,14,2.6,1.8,High
EMP0512,42,Male,Operations,Diploma,20,38854,71,18,87.1,4,1.7,5.0,High
EMP0513,37,Female,Engineering,Diploma,14,92695,36,9,70.3,28,4.4,4.2,Medium
EMP0514,42,Male,Operations,PhD,0,52025,48,16,77.7,34,2.2,4.0,Medium
EMP0515,32,Male,HR,Bachelor,16,77982,51,13,82.2,26,3.4,4.2,High
EMP0516,57,Male,Engineering,Bachelor,1,66081,32,10,83.8,26,3.0,4.9,Low
EMP0517,56,Female,Engineering,Bachelor,28,29368,21,20,78.9,7,1.2,3.3,Medium
EMP0518,40,Male,Engineering,Bachelor,19,52094,4,14,71.0,31,4.8,1.9,High
EMP0519,41,Male,Operations,Bachelor,5,71040,17,12,87.7,19,3.1,4.4,Low
EMP0520,39,Male,Sales,Bachelor,7,91766,37,19,85.7,9,2.3,4.0,High
EMP0521,35,Male,Sales,Diploma,28,108053,36,7,78.5,12,1.6,2.7,Low
EMP0522,36,Female,Sales,Master,15,48991,63,23,71.1,28,2.4,2.9,High
EMP0523,52,Female,Engineering,Bachelor,18,26301,9,15,99.8,34,1.1,2.6,Medium
EMP0524,22,Male,HR,Bachelor,0,53610,78,16,84.5,7,2.5,4.7,High
EMP0525,24,Male,Engineering,Master,2,106463,41,8,92.7,28,3.1,2.4,Medium
EMP0526,37,Female,Marketing,Bachelor,27,59678,47,10,83.6,30,4.5,4.9,High
EMP0527,44,Male,Sales,Diploma,2,49466,43,4,71.3,29,3.7,4.6,Medium
EMP0528,32,Male,Sales,Bachelor,4,105440,15,19,79.3,21,1.4,3.5,Medium
EMP0529,33,Female,Sales,Bachelor,26,65875,53,19,79.6,20,1.6,3.3,Medium
EMP0530,31,Female,Sales,Bachelor,11,51081,34,21,95.2,11,2.7,2.5,High
EMP0531,53,Male,Operations,Bachelor,11,49354,27,15,89.6,10,1.8,1.1,Low
EMP0532,37,Male,HR,Master,19,118297,1,14,78.3,1,1.1,1.5,Low
EMP0533,29,Male,Engineering,Master,12,43300,12,1,99.0,1,4.2,4.0,Low
EMP0534,33,Male,Finance,Master,19,89384,40,16,79.6,33,1.1,2.9,Medium
EMP0535,45,Male,Engineering,Bachelor,8,85892,79,10,99.9,2,4.3,1.6,Medium
EMP0536,49,Male,Engineering,Master,6,60525,58,19,99.9,15,1.6,2.1,Medium
EMP0537,29,Male,Operations,Master,3,51532,68,22,75.7,3,4.9,4.8,High
EMP0538,49,Female,Marketing,Diploma,18,31464,52,3,79.4,22,3.4,2.5,Medium
EMP0539,57,Female,Operations,Bachelor,21,41562,44,5,84.6,19,3.9,4.6,Medium
EMP0540,47,Male,Sales,Bachelor,18,80514,19,9,89.9,24,1.4,2.2,Low
EMP0541,29,Male,HR,Master,5,99219,23,18,85.8,29,4.4,3.2,Medium
EMP0542,49,Female,Engineering,Master,26,57634,60,11,99.1,17,4.4,1.1,Medium
EMP0543,49,Male,Engineering,Master,12,25060,57,16,91.7,10,3.6,3.1,High
EMP0544,57,Male,Marketing,Bachelor,10,34269,26,2,76.4,28,3.0,3.5,Low
EMP0545,48,Female,Sales,Master,12,88143,25,12,73.2,16,3.9,1.9,Low
EMP0546,38,Male,Marketing,Diploma,12,48065,6,22,90.7,25,1.0,3.3,Medium
EMP0547,30,Female,Finance,Master,27,27895,41,6,74.8,22,3.4,3.6,High
EMP0548,54,Female,Engineering,Diploma,24,105859,46,11,93.6,19,4.4,3.7,High
EMP0549,41,Male,HR,Master,21,37352,52,8,79.3,1,2.4,4.1,Medium
EMP0550,34,Male,Finance,Diploma,27,74737,58,12,79.8,23,1.4,2.2,Low
EMP0551,49,Male,Engineering,PhD,19,57016,37,2,70.3,30,2.7,3.3,Low
EMP0552,50,Female,Marketing,Bachelor,14,86304,68,9,91.0,26,3.9,4.9,High
EMP0553,34,Female,HR,Diploma,20,36962,52,15,73.4,1,1.4,4.6,Medium
EMP0554,56,Female,Engineering,Bachelor,12,58302,14,2,93.2,13,1.8,4.8,Low
EMP0555,27,Male,HR,Diploma,21,110382,25,1,84.8,3,1.6,2.5,Low
EMP0556,39,Female,Operations,Master,10,29011,47,10,93.5,12,4.2,4.1,High
EMP0557,26,Female,Engineering,Bachelor,18,44782,18,2,87.5,35,1.3,3.5,Low
EMP0558,46,Female,Marketing,Master,7,92691,8,12,72.5,34,3.7,1.3,Low
EMP0559,23,Female,Engineering,Diploma,19,64725,63,23,93.0,7,2.5,4.3,High
EMP0560,31,Female,Marketing,Bachelor,7,34196,53,8,72.1,1,4.0,3.7,Medium
EMP0561,51,Female,Finance,Master,9,68459,50,5,84.4,5,4.9,1.8,Low
EMP0562,26,Male,Sales,Master,25,112245,38,22,75.2,30,1.5,1.3,Medium
EMP0563,54,Male,Sales,PhD,15,103863,3,1,92.6,9,2.3,4.3,Low
EMP0564,22,Male,Marketing,Bachelor,18,57769,2,15,97.3,20,4.2,1.3,Medium
EMP0565,39,Female,Sales,Bachelor,25,49700,63,6,86.6,9,2.1,1.4,Low
EMP0566,53,Male,Finance,Bachelor,22,105356,28,12,85.8,22,1.9,2.7,Medium
EMP0567,32,Female,Engineering,Master,10,101427,10,8,92.9,2,4.3,1.5,Low
EMP0568,42,Female,Marketing,Master,12,30269,57,13,70.2,31,4.9,4.7,High
EMP0569,47,Female,Finance,Diploma,27,68880,74,19,97.5,19,3.2,2.9,High
EMP0570,46,Male,Operations,Bachelor,8,33320,26,1,75.9,9,2.1,3.3,Low
EMP0571,43,Male,Engineering,Master,19,74589,20,11,99.5,28,2.6,4.7,Medium
EMP0572,48,Male,HR,Bachelor,23,101276,38,20,92.1,33,1.7,3.1,High
EMP0573,34,Female,HR,Bachelor,18,60897,45,1,93.2,36,4.0,2.4,Low
EMP0574,54,Female,Sales,Master,15,83565,65,8,89.7,19,4.1,4.2,High
EMP0575,55,Female,Sales,Master,6,55930,35,5,84.1,7,4.5,2.8,Medium
EMP0576,56,Male,Engineering,Master,18,82233,74,17,87.1,6,1.1,2.3,High
EMP0577,22,Female,Finance,Diploma,11,107821,64,8,71.4,5,3.2,3.9,Medium
EMP0578,42,Female,HR,Master,14,39380,62,10,88.7,10,1.9,4.2,High
EMP0579,27,Male,Engineering,Diploma,22,101896,34,2,88.8,17,2.4,4.2,Medium
EMP0580,49,Female,Finance,Diploma,13,95934,30,9,96.7,28,4.1,4.9,Medium
EMP0581,38,Male,Sales,Master,10,80830,27,24,85.2,24,1.8,4.1,High
EMP0582,26,Male,Engineering,PhD,25,30529,0,23,72.3,20,3.6,4.1,High
EMP0583,52,Female,Operations,Master,9,119598,24,3,79.2,2,3.6,4.4,Low
EMP0584,26,Male,Operations,Bachelor,26,107987,42,18,89.7,17,4.8,1.0,High
EMP0585,24,Female,HR,Master,10,74178,66,7,77.2,23,4.1,2.4,Medium
EMP0586,44,Female,Engineering,Bachelor,5,31937,62,15,78.4,37,4.2,4.0,High
EMP0587,31,Male,Marketing,Master,1,64886,50,21,94.6,9,3.1,3.4,High
EMP0588,31,Male,HR,Master,10,74699,1,22,87.5,26,1.7,1.7,Medium
EMP0589,40,Male,Sales,Bachelor,18,101396,63,20,85.3,11,2.7,2.2,High
EMP0590,38,Female,HR,Bachelor,5,115678,73,18,79.6,6,3.2,2.3,High
EMP0591,42,Male,HR,Diploma,13,50279,68,3,91.9,16,3.7,3.3,Low
EMP0592,35,Male,HR,Master,19,63106,8,23,78.6,0,3.4,4.3,High
EMP0593,30,Male,Sales,Bachelor,5,104737,1,14,92.1,25,2.6,4.7,Medium
EMP0594,22,Female,Finance,Master,16,65544,33,24,72.1,14,2.1,4.0,High
EMP0595,34,Male,Operations,Master,9,33997,59,2,95.9,32,1.7,4.4,Low
EMP0596,25,Female,Sales,Master,27,110711,60,14,85.0,36,3.8,2.9,Medium
EMP0597,22,Female,Finance,Diploma,0,65860,30,22,83.2,30,3.6,2.6,High
EMP0598,53,Male,Operations,Master,2,28225,9,11,88.3,34,3.7,2.6,Low
EMP0599,55,Male,Sales,Bachelor,7,84470,75,16,88.7,0,2.5,3.5,High
EMP0600,49,Female,Sales,PhD,7,88656,35,8,74.0,7,2.0,1.5,Low
EMP0601,52,Female,Finance,Diploma,26,76880,48,7,92.7,11,4.0,3.3,Medium
EMP0602,29,Female,HR,Bachelor,19,86078,69,11,78.3,18,4.1,3.7,High
EMP0603,47,Female,Marketing,Bachelor,21,113646,48,3,97.1,24,2.8,2.8,Medium
EMP0604,55,Male,Sales,Bachelor,14,101290,2,17,94.5,31,3.4,4.8,High
EMP0605,24,Male,Operations,Master,23,81633,73,14,80.4,11,2.5,3.4,High
EMP0606,33,Male,Engineering,Master,6,51655,4,6,94.2,12,3.8,1.9,Low
EMP0607,22,Male,Engineering,Master,10,68601,60,8,80.7,27,4.3,2.9,Low
EMP0608,26,Male,Finance,Diploma,6,28114,25,22,73.0,0,3.8,3.7,Medium
EMP0609,51,Male,Sales,PhD,28,51502,71,5,98.9,5,3.1,2.3,Medium
EMP0610,51,Male,Engineering,Bachelor,3,74768,4,8,89.6,7,2.8,1.3,Low
EMP0611,38,Female,Sales,Bachelor,24,73128,14,2,83.7,3,3.6,3.3,Medium
EMP0612,44,Female,Engineering,Bachelor,11,45028,15,15,81.9,4,3.7,4.8,Medium
EMP0613,36,Male,Engineering,Bachelor,25,80565,0,12,79.7,24,3.2,2.9,Low
EMP0614,42,Female,Operations,Master,5,108123,15,17,99.4,21,3.5,4.6,Medium
EMP0615,35,Male,Engineering,Diploma,13,60333,36,1,74.0,27,1.4,4.3,Low
EMP0616,23,Female,Finance,Bachelor,11,28174,2,15,79.4,38,4.8,1.6,Low
EMP0617,32,Male,Marketing,Master,10,60398,51,14,84.6,22,4.2,3.8,Medium
EMP0618,55,Female,Operations,PhD,18,60929,46,20,84.3,3,2.5,2.7,High
EMP0619,55,Female,Engineering,Bachelor,20,29321,12,22,84.1,3,3.3,2.0,Low
EMP0620,39,Male,Marketing,Bachelor,4,80421,79,16,75.3,20,1.2,3.7,High
EMP0621,51,Male,HR,Master,13,97635,54,9,74.3,36,1.2,4.0,Medium
EMP0622,36,Male,Finance,Bachelor,20,48760,20,1,77.6,1,2.0,1.7,Low
EMP0623,48,Male,Finance,Diploma,23,36360,65,17,97.4,6,3.8,4.7,High
EMP0624,55,Male,Marketing,Bachelor,15,35313,53,13,73.4,15,4.4,4.0,High
EMP0625,54,Female,Sales,Bachelor,24,110998,26,21,92.7,16,3.2,4.7,High
EMP0626,45,Male,Finance,Master,12,30801,37,21,92.7,19,3.1,2.3,Medium
EMP0627,36,Female,HR,Diploma,24,39130,57,5,94.3,22,2.6,4.8,Medium
EMP0628,51,Female,Marketing,Bachelor,28,39271,61,10,96.6,33,1.6,2.5,Medium
EMP0629,38,Male,Operations,Bachelor,21,41075,45,6,77.9,10,1.5,1.2,Low
EMP0630,26,Female,Engineering,Bachelor,21,43984,10,24,76.7,33,4.0,4.1,Medium
EMP0631,50,Male,Operations,Bachelor,24,113095,71,19,84.0,32,4.7,3.8,High
EMP0632,25,Female,Engineering,Bachelor,19,85942,7,13,78.0,25,2.8,3.4,Medium
EMP0633,31,Male,Engineering,Master,21,37861,70,1,92.0,1,3.6,3.0,Low
EMP0634,38,Female,Engineering,Bachelor,3,107203,63,20,89.1,22,4.7,1.1,Medium
EMP0635,31,Female,Sales,Bachelor,10,96376,20,15,96.2,21,1.4,3.5,Medium
EMP0636,38,Male,Finance,PhD,16,86247,71,14,72.5,33,4.1,2.7,High
EMP0637,41,Male,Engineering,Bachelor,6,94101,62,8,97.5,14,3.5,3.2,High
EMP0638,45,Female,Engineering,Bachelor,13,45977,63,10,78.8,9,3.4,2.7,High
EMP0639,26,Female,Operations,Bachelor,25,75617,19,9,84.7,14,2.2,4.9,Medium
EMP0640,55,Male,Marketing,Diploma,10,82473,7,17,83.2,28,3.7,3.4,Medium
EMP0641,27,Male,Marketing,Bachelor,27,111654,57,9,92.8,22,4.2,4.0,High
EMP0642,23,Female,Operations,Diploma,21,113177,45,3,82.6,16,1.5,4.7,Low
EMP0643,34,Male,Finance,PhD,8,97902,30,11,98.3,8,3.1,3.4,Medium
EMP0644,32,Female,Engineering,Bachelor,22,117172,8,12,97.1,35,1.4,1.0,Low
EMP0645,44,Male,Sales,Diploma,12,40630,14,10,96.2,8,4.5,1.1,Medium
EMP0646,37,Male,Finance,Bachelor,22,45056,25,17,72.1,15,3.0,3.8,High
EMP0647,52,Female,Sales,Bachelor,17,32382,9,17,95.6,35,4.2,2.1,Medium
EMP0648,32,Male,Finance,PhD,27,80739,28,11,93.4,32,2.5,3.3,Low
EMP0649,37,Male,Engineering,Master,10,106685,79,22,73.1,30,1.5,1.8,High
EMP0650,29,Male,Sales,Master,14,73639,35,4,73.2,5,1.2,2.1,Low
EMP0651,25,Male,HR,Bachelor,24,84838,36,7,73.0,9,2.1,3.0,Low
EMP0652,25,Female,Finance,Master,25,71041,70,21,70.3,15,2.0,4.9,High
EMP0653,46,Male,HR,PhD,24,25992,22,14,86.5,3,3.2,3.5,Medium
EMP0654,24,Female,Finance,Bachelor,21,97394,40,7,99.2,21,1.1,4.7,Medium
EMP0655,53,Female,Engineering,Bachelor,28,92657,79,24,83.2,12,3.1,4.8,High
EMP0656,24,Female,Engineering,Bachelor,18,52160,27,8,86.2,15,2.6,1.8,Low
EMP0657,48,Male,Marketing,Bachelor,0,70156,47,1,99.0,28,3.3,2.2,Low
EMP0658,50,Male,Finance,Diploma,3,76375,37,24,77.7,5,3.8,4.1,High
EMP0659,53,Female,Engineering,Bachelor,13,111442,30,22,95.8,25,3.5,4.5,High
EMP0660,40,Female,Marketing,Diploma,13,44572,13,4,86.4,10,4.9,3.1,Low
EMP0661,42,Male,Engineering,Bachelor,2,29136,72,12,87.1,23,1.6,5.0,Medium
EMP0662,26,Male,Sales,Master,29,86868,76,24,80.3,28,2.7,1.0,High
EMP0663,39,Male,Engineering,Bachelor,27,107263,28,3,86.8,2,2.7,2.2,Low
EMP0664,49,Female,Finance,Bachelor,16,57167,50,13,72.2,9,2.7,3.5,Medium
EMP0665,43,Female,Finance,Bachelor,2,40479,48,20,92.9,0,3.7,2.9,High
EMP0666,42,Female,Engineering,Bachelor,15,56376,42,6,78.5,25,3.0,1.5,Low
EMP0667,27,Female,Marketing,Master,13,29823,71,11,96.6,11,3.1,2.5,Medium
EMP0668,22,Female,Sales,Diploma,29,95456,4,23,81.0,13,2.7,1.1,Low
EMP0669,26,Male,Sales,Master,19,44585,41,4,74.3,24,5.0,3.6,Low
EMP0670,33,Male,Engineering,Bachelor,28,42272,6,20,90.9,7,4.7,4.6,High
EMP0671,47,Male,Engineering,Bachelor,12,51619,41,16,74.9,3,2.2,4.5,High
EMP0672,55,Male,Engineering,Bachelor,14,100069,35,7,92.6,27,1.4,3.8,Low
EMP0673,35,Female,HR,Master,13,64895,26,22,99.0,6,4.4,2.9,High
EMP0674,47,Male,Marketing,PhD,23,28720,57,11,93.4,9,5.0,3.0,High
EMP0675,48,Male,HR,Diploma,24,44267,45,24,70.7,35,2.2,1.5,Medium
EMP0676,30,Male,Engineering,Bachelor,18,40696,65,1,88.0,1,2.4,2.4,Low
EMP0677,47,Male,Engineering,Master,5,54968,24,7,90.9,25,4.8,1.8,Medium
EMP0678,43,Male,Engineering,Master,9,78364,72,12,94.8,13,3.8,4.3,Medium
EMP0679,51,Male,Sales,Master,26,48345,26,7,71.7,15,2.2,4.7,High
EMP0680,38,Female,Marketing,Master,14,76567,0,23,84.4,16,3.3,3.1,Medium
EMP0681,47,Male,Engineering,Master,20,116229,73,7,86.1,21,4.8,3.9,High
EMP0682,57,Female,Finance,Master,21,86607,41,10,75.1,3,4.2,1.5,Low
EMP0683,22,Male,Marketing,Bachelor,19,44385,51,16,79.7,18,4.0,3.4,High
EMP0684,29,Male,Sales,PhD,25,108658,24,8,83.2,1,3.9,3.8,Low
EMP0685,56,Male,Marketing,Bachelor,5,91900,53,9,95.0,38,1.7,2.8,Low
EMP0686,36,Female,HR,Master,22,93244,66,9,97.9,8,4.3,2.0,High
EMP0687,43,Female,Finance,Bachelor,24,90425,5,2,88.9,18,2.1,4.5,Low
EMP0688,35,Male,HR,Master,9,103518,57,13,81.8,15,4.7,4.0,Medium
EMP0689,47,Male,Sales,Diploma,6,107844,69,13,77.6,24,2.5,4.6,High
EMP0690,49,Female,Engineering,Diploma,21,57919,52,23,99.5,17,4.4,4.3,High
EMP0691,44,Male,Sales,PhD,16,115697,65,23,99.5,22,2.1,5.0,High
EMP0692,35,Male,Sales,Master,17,82196,57,4,97.7,20,3.1,1.8,Low
EMP0693,45,Female,HR,Master,16,104401,1,24,93.6,10,1.4,1.3,Low
EMP0694,23,Female,Engineering,Master,8,25495,75,12,79.8,38,3.6,2.3,Medium
EMP0695,47,Male,Operations,Diploma,9,69755,21,17,94.5,3,4.3,1.5,Medium
EMP0696,35,Female,Finance,Bachelor,9,92684,36,2,82.3,24,3.9,3.1,Medium
EMP0697,28,Female,Sales,Diploma,24,58324,19,13,79.8,31,3.1,3.5,Low
EMP0698,24,Male,Engineering,Diploma,6,103929,23,18,92.3,29,1.2,3.3,Low
EMP0699,44,Female,Operations,Master,15,26552,64,15,72.4,25,4.7,2.0,Medium
EMP0700,39,Female,Marketing,Bachelor,28,76272,64,8,71.5,35,3.8,4.6,High
EMP0701,56,Male,Finance,Bachelor,17,60853,0,15,83.4,33,4.0,1.1,Medium
EMP0702,36,Male,Engineering,Diploma,5,57924,2,1,83.4,8,4.2,2.4,Low
EMP0703,46,Male,Sales,Bachelor,26,99462,45,20,96.9,11,4.0,3.9,High
EMP0704,49,Female,Engineering,Diploma,19,48889,54,10,73.8,1,2.8,4.1,High
EMP0705,31,Male,Engineering,Master,0,79675,74,12,73.7,37,3.9,2.7,High
EMP0706,38,Female,Marketing,Bachelor,0,98591,63,5,74.4,4,3.5,1.1,Low
EMP0707,43,Female,Finance,Diploma,11,95190,44,9,70.9,4,4.4,3.5,Low
EMP0708,47,Male,HR,Master,20,47634,25,23,72.2,21,4.2,1.3,High
EMP0709,46,Female,Operations,Master,27,57363,76,8,89.8,4,1.2,1.4,Medium
EMP0710,38,Male,HR,Master,1,88752,64,16,82.9,3,2.5,3.6,High
EMP0711,34,Female,Sales,Bachelor,3,102004,23,14,92.9,8,1.1,2.2,Low
EMP0712,41,Female,Sales,PhD,16,81398,73,13,99.8,28,1.4,2.4,Medium
EMP0713,46,Male,Operations,Bachelor,3,65718,34,23,89.8,21,3.4,2.9,High
EMP0714,25,Male,Engineering,Diploma,10,107916,23,21,71.5,26,4.5,4.9,High
EMP0715,31,Male,Operations,Diploma,21,51870,27,13,73.1,9,1.5,4.9,Medium
EMP0716,24,Male,Marketing,Bachelor,25,62394,79,5,96.4,15,2.8,2.7,High
EMP0717,39,Male,Engineering,Master,3,77057,15,16,85.8,9,4.6,2.1,Low
EMP0718,57,Male,HR,Master,0,104795,58,11,94.7,5,4.3,2.2,Medium
EMP0719,43,Female,Marketing,Bachelor,6,105409,53,22,95.7,4,3.1,2.1,High
EMP0720,55,Male,HR,Diploma,29,38016,78,5,97.8,5,4.1,3.1,High
EMP0721,29,Male,Operations,Bachelor,17,67137,15,13,98.5,24,3.1,3.4,Medium
EMP0722,40,Female,Operations,Bachelor,8,25153,14,11,86.6,3,1.6,3.0,Low
EMP0723,27,Male,Sales,Master,28,32853,10,19,80.2,39,1.5,2.6,Low
EMP0724,47,Female,Sales,Master,2,37379,64,3,98.9,31,1.8,1.8,Low
EMP0725,55,Female,Operations,Master,7,40792,78,15,86.4,34,2.4,2.9,Medium
EMP0726,27,Female,Finance,PhD,28,63367,67,7,71.9,9,4.7,2.4,High
EMP0727,54,Male,Engineering,Master,23,43100,42,7,89.3,33,4.2,3.2,Low
EMP0728,43,Male,Engineering,Master,18,88456,68,6,87.6,35,2.7,3.7,Medium
EMP0729,42,Male,HR,Bachelor,3,36049,12,3,96.9,5,3.0,3.5,Low
EMP0730,27,Female,Operations,Bachelor,17,25786,9,13,89.6,15,2.1,2.8,Medium
EMP0731,27,Male,Marketing,Bachelor,19,94904,74,7,80.5,18,3.8,3.2,Medium
EMP0732,25,Male,Finance,Bachelor,26,55699,40,5,99.0,33,4.2,2.1,Low
EMP0733,51,Female,Engineering,Master,10,72691,49,23,94.0,24,2.0,1.1,High
EMP0734,32,Male,Engineering,Bachelor,26,62040,70,18,88.9,30,1.2,3.5,High
EMP0735,51,Male,Marketing,Bachelor,13,117990,58,22,78.8,16,3.5,2.0,Medium
EMP0736,52,Male,Engineering,Bachelor,24,82986,38,8,81.2,29,3.3,3.7,High
EMP0737,45,Female,Engineering,Diploma,17,63762,2,17,90.1,38,2.6,4.0,Medium
EMP0738,30,Male,Engineering,Diploma,27,48600,75,20,72.2,30,3.6,4.7,High
EMP0739,24,Female,Finance,Master,27,119774,6,1,77.7,18,3.2,4.8,Low
EMP0740,52,Female,Operations,Diploma,28,115777,48,14,91.4,34,2.0,1.0,Medium
EMP0741,57,Male,Engineering,PhD,15,44810,25,17,84.4,28,2.6,5.0,High
EMP0742,45,Female,Sales,Master,2,110703,32,10,82.1,0,2.7,3.7,Medium
EMP0743,52,Male,Finance,Bachelor,14,112347,47,12,74.5,3,4.5,3.6,High
EMP0744,27,Male,Operations,PhD,26,82204,78,16,83.3,27,4.8,1.1,High
EMP0745,23,Female,Engineering,Master,26,45085,1,14,93.1,17,4.6,4.4,High
EMP0746,41,Female,HR,Master,3,71854,70,16,77.9,25,3.9,1.6,Medium
EMP0747,49,Female,Sales,PhD,4,99797,31,8,70.2,39,3.3,4.3,Medium
EMP0748,32,Male,Marketing,Master,16,109269,3,23,90.1,18,3.8,1.1,Low
EMP0749,25,Male,Sales,Master,6,64779,19,10,99.2,5,4.8,3.6,Medium
EMP0750,36,Male,Engineering,Diploma,15,81207,35,17,88.2,0,2.0,2.7,Medium
EMP0751,27,Male,Finance,Bachelor,13,119615,31,18,73.6,7,3.1,1.8,Low
EMP0752,51,Male,Marketing,Master,25,58980,27,20,79.6,32,3.8,1.4,Medium
EMP0753,23,Male,Engineering,Master,15,81117,76,16,96.0,20,3.7,2.8,High
EMP0754,36,Male,Marketing,Master,6,39141,0,17,77.0,23,2.0,1.5,Low
EMP0755,32,Male,Engineering,PhD,8,34344,59,16,88.2,24,3.3,2.9,High
EMP0756,29,Male,HR,Bachelor,3,40896,55,19,82.1,18,4.2,3.5,High
EMP0757,47,Male,Sales,Master,29,114353,34,24,76.2,28,2.9,4.3,High
EMP0758,26,Female,Finance,Bachelor,29,54813,29,24,94.4,9,4.2,3.7,High
EMP0759,27,Male,Sales,Master,21,109431,53,8,92.3,11,2.4,1.3,Medium
EMP0760,47,Female,Marketing,Master,10,90679,35,6,89.8,32,4.8,2.2,Medium
EMP0761,25,Female,Finance,PhD,1,35681,54,6,77.1,6,3.1,2.2,Low
EMP0762,40,Male,Finance,Bachelor,11,97903,79,21,72.9,16,3.4,4.7,High
EMP0763,41,Female,Marketing,Master,11,28228,57,9,87.3,9,1.1,4.5,High
EMP0764,54,Male,Marketing,Bachelor,29,29582,64,4,86.6,30,1.7,2.5,Medium
EMP0765,41,Male,Engineering,Diploma,3,103683,68,12,75.7,5,3.5,1.3,High
EMP0766,33,Male,Sales,Diploma,17,36397,50,12,71.7,16,2.7,4.6,High
EMP0767,22,Male,Operations,Diploma,25,63799,21,23,72.4,36,3.0,4.6,High
EMP0768,47,Male,Engineering,PhD,20,62011,52,17,99.8,17,1.3,4.4,Medium
EMP0769,35,Male,Finance,PhD,6,104183,35,15,93.5,25,4.3,4.4,High
EMP0770,32,Female,Operations,Bachelor,28,118254,67,9,97.7,15,4.1,2.9,High
EMP0771,57,Female,Engineering,Bachelor,0,69264,35,7,75.9,7,1.7,1.7,Low
EMP0772,34,Male,Finance,Master,25,67317,51,10,98.8,23,3.5,2.9,Medium
EMP0773,24,Female,Sales,PhD,25,72914,52,16,74.3,12,4.3,3.0,Medium
EMP0774,54,Male,HR,Diploma,22,109633,49,12,85.3,28,3.6,3.0,High
EMP0775,27,Male,Engineering,Bachelor,25,70254,79,7,94.9,31,2.2,3.2,High
EMP0776,31,Female,Engineering,Diploma,12,65096,40,18,80.5,23,3.6,2.0,Medium
EMP0777,26,Male,Finance,Master,5,78785,17,15,82.7,15,1.8,2.5,Low
EMP0778,44,Male,Marketing,Master,5,77344,21,6,73.8,10,2.3,2.7,Low
EMP0779,31,Male,Marketing,Bachelor,11,107643,65,12,73.7,31,2.0,1.5,Low
EMP0780,23,Male,HR,Bachelor,7,93546,20,11,88.6,5,3.2,2.8,Low
EMP0781,34,Female,Engineering,Master,23,96091,43,20,90.3,34,1.4,4.2,High
EMP0782,23,Male,Finance,Master,21,90603,46,3,93.3,32,4.7,4.3,Medium
EMP0783,41,Female,Engineering,Bachelor,18,53412,38,2,86.7,17,2.3,2.6,Low
EMP0784,22,Male,Operations,Master,4,76658,28,6,89.4,36,1.9,3.1,Low
EMP0785,30,Male,Marketing,Diploma,17,74549,53,24,70.4,12,3.0,1.1,Medium
EMP0786,38,Male,Finance,PhD,29,36549,16,22,74.9,9,2.1,3.7,High
EMP0787,30,Female,Operations,Diploma,4,96216,79,5,99.5,36,3.1,2.6,Medium
EMP0788,32,Male,Engineering,Bachelor,29,50739,59,18,72.3,25,2.4,2.8,Medium
EMP0789,36,Female,Finance,Bachelor,24,46209,30,16,90.4,16,1.5,4.5,Medium
EMP0790,45,Female,Sales,Master,9,112968,72,8,75.3,0,2.1,2.8,Low
EMP0791,56,Male,Operations,Bachelor,0,40116,77,20,91.5,24,2.8,1.1,Medium
EMP0792,51,Female,Engineering,Bachelor,9,45045,48,22,91.2,33,1.1,1.9,High
EMP0793,52,Female,Finance,Bachelor,4,51327,1,11,77.0,38,4.1,2.9,Low
EMP0794,26,Female,Marketing,Bachelor,11,60709,47,10,78.1,9,3.5,2.7,Medium
EMP0795,35,Male,Engineering,Bachelor,21,68617,13,24,89.6,19,3.4,4.4,High
EMP0796,32,Male,Sales,Bachelor,29,85139,58,12,81.7,6,3.2,3.2,High
EMP0797,30,Male,Marketing,Bachelor,26,51905,57,21,75.8,15,3.4,3.8,High
EMP0798,55,Male,Sales,Bachelor,6,89148,57,6,92.0,36,4.7,2.9,Medium
EMP0799,33,Male,Engineering,Master,8,97603,50,20,74.6,28,1.0,2.8,Low
EMP0800,56,Female,Engineering,Master,21,67919,1,5,95.7,11,1.2,2.8,Low
EMP0801,56,Male,Engineering,Master,20,108521,40,23,85.4,16,1.8,2.6,High
EMP0802,22,Female,Marketing,Bachelor,11,117905,15,9,73.2,19,1.7,3.2,Low
EMP0803,43,Female,HR,Bachelor,22,108400,3,16,90.8,25,1.7,2.0,Low
EMP0804,50,Female,Engineering,Master,28,113150,11,22,85.6,18,3.7,4.6,High
EMP0805,29,Male,Sales,Master,0,83446,28,14,78.9,11,2.8,2.3,Low
EMP0806,32,Female,Sales,Master,10,77428,6,22,82.7,20,5.0,1.6,High
EMP0807,35,Male,Engineering,Bachelor,29,72894,13,8,79.0,33,1.9,1.4,Low
EMP0808,51,Male,Sales,Diploma,20,106149,11,20,77.9,6,2.2,1.1,Low
EMP0809,56,Female,Sales,Bachelor,14,31447,4,19,74.9,34,4.9,2.7,Medium
EMP0810,42,Male,Sales,Master,1,30499,31,14,80.9,14,4.3,1.8,Medium
EMP0811,26,Male,Finance,Master,19,64041,73,7,77.5,0,2.9,1.1,Medium
EMP0812,40,Male,Engineering,Master,6,56315,42,5,90.5,25,3.2,3.1,Low
EMP0813,35,Male,Finance,Bachelor,20,26299,68,18,90.5,34,4.4,3.7,High
EMP0814,47,Male,HR,Bachelor,11,29994,44,2,85.1,24,2.9,1.3,Low
EMP0815,25,Male,HR,PhD,21,106163,8,11,93.3,14,1.8,2.8,Low
EMP0816,46,Female,Finance,Bachelor,17,32489,48,22,95.2,21,4.3,4.0,High
EMP0817,46,Female,HR,Bachelor,2,116647,32,8,87.4,5,3.2,4.9,High
EMP0818,39,Male,Marketing,Bachelor,6,57355,17,1,88.6,14,1.6,3.7,Low
EMP0819,29,Male,Finance,PhD,10,98805,8,22,78.5,23,3.0,2.0,Low
EMP0820,35,Male,HR,Bachelor,17,93367,61,12,96.8,20,2.7,3.9,Medium
EMP0821,53,Male,Marketing,Diploma,11,102355,56,2,70.7,6,4.5,3.4,Low
EMP0822,54,Female,Finance,Master,5,115349,28,18,80.5,28,1.5,1.8,Medium
EMP0823,44,Male,Sales,Diploma,4,112173,77,7,91.7,31,4.5,4.4,High
EMP0824,36,Male,Engineering,Diploma,25,26996,24,17,72.4,31,3.0,2.7,Medium
EMP0825,54,Female,Engineering,Master,0,69387,14,22,75.5,4,2.6,4.8,Medium
EMP0826,46,Female,Operations,Bachelor,11,28089,5,23,87.7,3,1.6,3.9,Medium
EMP0827,38,Female,Finance,Bachelor,26,45659,41,14,86.8,21,3.8,3.6,High
EMP0828,54,Male,Operations,Bachelor,25,70178,28,24,92.2,17,4.7,3.9,High
EMP0829,23,Male,Finance,Master,10,106268,78,7,94.4,34,2.5,2.9,Medium
EMP0830,35,Male,Sales,Bachelor,3,110042,3,22,73.9,16,2.0,3.0,Low
EMP0831,27,Male,Engineering,Bachelor,26,95726,56,3,70.6,23,3.2,4.4,High
EMP0832,27,Female,Finance,Bachelor,17,95111,48,6,90.7,1,4.2,3.7,Medium
EMP0833,24,Female,HR,Diploma,3,59565,43,20,79.0,12,1.0,4.6,High
EMP0834,28,Female,Operations,Bachelor,16,114242,79,2,88.8,14,3.5,4.6,High
EMP0835,29,Female,Engineering,Bachelor,1,47884,74,17,74.5,4,3.4,4.9,Medium
EMP0836,36,Male,HR,Bachelor,28,42199,13,12,84.1,2,2.3,3.8,Low
EMP0837,50,Female,Finance,Diploma,23,85038,2,12,85.1,36,2.8,3.0,Low
EMP0838,54,Male,Finance,Master,21,82786,61,17,87.6,36,2.0,1.7,Medium
EMP0839,51,Male,HR,Bachelor,1,74294,63,10,85.4,36,4.2,3.8,High
EMP0840,48,Male,Marketing,Bachelor,11,103015,44,3,84.9,2,3.5,2.2,Low
EMP0841,57,Male,Engineering,Bachelor,5,59178,57,20,80.0,34,3.1,2.1,High
EMP0842,50,Male,Finance,Bachelor,9,37665,19,18,72.1,22,2.6,2.0,Medium
EMP0843,54,Female,Finance,Diploma,24,25534,57,13,72.7,27,2.2,4.5,High
EMP0844,48,Male,Operations,PhD,22,116828,56,12,83.0,29,4.3,4.5,High
EMP0845,54,Male,Marketing,Master,24,61132,76,17,80.7,17,2.8,3.5,High
EMP0846,25,Male,Sales,Diploma,20,61110,67,4,85.5,35,3.0,2.9,Medium
EMP0847,43,Female,Engineering,Bachelor,22,83754,77,23,79.1,32,3.1,3.7,High
EMP0848,23,Female,Operations,Master,26,88580,51,10,90.6,25,2.8,3.4,Medium
EMP0849,31,Female,HR,Diploma,15,47469,36,11,95.9,39,2.0,2.7,Low
EMP0850,26,Male,Operations,Bachelor,13,89016,7,6,79.0,16,1.5,2.5,Low
EMP0851,31,Female,Engineering,PhD,6,71233,43,6,75.8,39,1.4,2.5,Low
EMP0852,54,Male,Finance,Bachelor,27,91708,4,9,73.5,6,4.0,3.4,Medium
EMP0853,34,Female,Marketing,Bachelor,27,83232,68,15,88.5,7,1.9,3.6,High
EMP0854,52,Female,Operations,Bachelor,18,118450,30,2,83.3,30,1.2,2.8,Low
EMP0855,57,Male,Sales,Bachelor,22,111437,44,4,75.6,11,4.2,4.9,Medium
EMP0856,45,Male,Finance,Master,16,59409,8,5,89.6,30,1.6,1.3,Low
EMP0857,36,Male,HR,Diploma,8,44324,31,17,74.5,18,3.5,2.4,Low
EMP0858,50,Male,Engineering,Master,25,33738,32,8,86.6,9,2.4,2.7,Medium
EMP0859,29,Male,Finance,Diploma,12,49054,66,8,85.8,38,1.5,1.1,Low
EMP0860,26,Female,Finance,PhD,21,54709,29,22,92.0,11,2.7,2.5,Medium
EMP0861,50,Male,Operations,Bachelor,4,110643,75,12,71.7,19,1.1,2.1,Medium
EMP0862,25,Male,HR,Master,22,25363,28,21,96.6,36,4.4,3.0,High
EMP0863,33,Male,Engineering,Bachelor,4,35358,2,8,91.1,6,3.1,2.3,Low
EMP0864,23,Male,Engineering,Master,9,28240,56,19,76.5,13,1.6,3.9,Medium
EMP0865,48,Female,Sales,Diploma,20,97201,29,3,75.5,10,1.9,3.0,Low
EMP0866,52,Male,Sales,Bachelor,26,70689,8,18,82.9,6,2.8,1.5,Medium
EMP0867,57,Female,Marketing,Master,9,26936,25,21,94.5,28,1.8,4.0,Medium
EMP0868,57,Female,Sales,Master,26,116074,1,19,95.3,9,2.1,1.4,Medium
EMP0869,47,Female,Operations,Master,6,68965,61,19,85.6,28,3.1,4.4,High
EMP0870,48,Female,Operations,Bachelor,25,102534,2,15,95.8,8,4.3,4.7,High
EMP0871,26,Male,Finance,Bachelor,14,25882,45,6,70.2,35,2.6,2.3,Low
EMP0872,41,Female,Operations,Bachelor,6,45224,67,16,71.1,9,3.9,4.7,Medium
EMP0873,32,Male,Marketing,Bachelor,28,55825,24,8,97.4,18,4.5,4.2,Medium
EMP0874,31,Male,HR,Bachelor,26,95740,50,16,93.3,30,1.9,4.7,High
EMP0875,27,Female,Engineering,Master,14,53885,12,18,83.5,16,4.2,3.7,Low
EMP0876,29,Female,Sales,Bachelor,2,65056,43,20,92.6,8,4.0,1.9,Medium
EMP0877,44,Female,HR,Diploma,18,28203,34,16,98.7,32,2.4,4.6,High
EMP0878,47,Male,Marketing,Master,9,85241,54,11,93.2,33,5.0,1.7,Medium
EMP0879,33,Male,HR,Master,27,27244,8,7,95.3,23,2.1,1.9,Low
EMP0880,47,Female,Operations,Bachelor,28,93619,1,17,92.8,8,2.0,2.1,Medium
EMP0881,34,Male,Finance,Master,14,46584,60,17,75.0,6,4.1,2.2,High
EMP0882,39,Female,Engineering,Diploma,2,33521,40,12,95.0,15,2.7,3.1,Low
EMP0883,46,Female,Operations,Bachelor,5,75017,43,13,75.9,18,2.3,3.9,Medium
EMP0884,54,Male,HR,Bachelor,11,58541,63,10,96.8,38,1.7,4.7,High
EMP0885,33,Male,Sales,PhD,14,54063,30,7,83.8,5,4.1,1.4,Low
EMP0886,57,Male,Finance,Bachelor,5,95268,46,14,90.3,10,4.1,4.8,High
EMP0887,25,Male,Engineering,Bachelor,12,89952,1,23,84.9,11,3.3,4.7,High
EMP0888,26,Female,Finance,Bachelor,28,118054,76,1,72.8,12,4.8,1.2,Medium
EMP0889,29,Male,HR,Bachelor,18,64563,68,17,78.7,11,2.3,2.4,Medium
EMP0890,49,Female,Sales,Master,2,64752,57,4,99.5,20,1.9,4.3,Medium
EMP0891,52,Male,Operations,Bachelor,7,27567,43,21,98.8,9,3.7,3.4,High
EMP0892,30,Female,HR,Diploma,7,41121,73,5,79.6,19,4.0,4.1,Medium
EMP0893,50,Male,Engineering,PhD,22,26674,55,20,99.9,35,1.9,3.9,High
EMP0894,35,Male,Sales,Master,25,101411,42,24,95.4,27,1.3,3.0,High
EMP0895,43,Male,Operations,Master,19,91275,33,23,88.3,23,4.2,1.2,Medium
EMP0896,32,Female,Engineering,Diploma,14,92081,29,7,71.2,4,4.9,3.3,Low
EMP0897,44,Female,Engineering,Bachelor,3,54140,70,10,97.0,36,3.6,1.2,Medium
EMP0898,22,Female,Engineering,Diploma,18,34327,69,17,86.7,11,2.1,3.4,High
EMP0899,42,Male,Engineering,PhD,20,95663,54,7,96.1,34,5.0,4.2,High
EMP0900,47,Male,Marketing,Master,2,48331,66,1,95.0,39,4.6,3.3,Medium
EMP0901,57,Male,Finance,Master,12,48004,12,7,95.0,1,3.1,5.0,Low
EMP0902,44,Male,Sales,Bachelor,7,35492,2,24,90.9,38,4.3,2.8,Low
EMP0903,22,Male,Finance,Bachelor,22,79797,25,11,78.7,8,4.3,4.0,Medium
EMP0904,36,Female,Sales,PhD,15,83095,56,9,80.1,21,4.7,3.7,Medium
EMP0905,42,Female,Operations,Bachelor,12,38749,23,12,79.3,4,4.4,5.0,High
EMP0906,30,Female,Operations,PhD,2,88217,52,3,70.6,11,3.6,3.9,Medium
EMP0907,30,Female,Sales,Bachelor,15,114044,69,4,87.5,0,3.4,1.7,Medium
EMP0908,31,Male,Marketing,Bachelor,8,34045,42,4,91.0,21,2.9,4.8,Medium
EMP0909,47,Male,Marketing,Bachelor,27,45116,59,13,95.6,37,3.5,3.7,High
EMP0910,56,Male,Sales,Bachelor,13,43667,57,23,74.2,18,4.2,1.2,High
EMP0911,46,Female,Engineering,Master,12,100057,48,19,86.3,15,4.9,3.6,High
EMP0912,47,Male,Sales,Bachelor,20,99205,41,10,70.2,30,2.9,4.5,High
EMP0913,32,Male,Marketing,Diploma,24,52302,75,5,72.9,2,3.3,3.3,Low
EMP0914,23,Male,Operations,Master,6,36283,65,7,71.6,22,2.8,2.4,Low
EMP0915,28,Male,Marketing,Bachelor,14,55935,10,24,91.8,17,3.7,4.3,High
EMP0916,39,Female,Marketing,Master,6,97534,17,16,72.4,25,3.5,4.1,Low
EMP0917,48,Female,Finance,Diploma,5,119342,51,1,91.5,12,1.1,3.2,Low
EMP0918,55,Male,Marketing,Master,1,56624,45,12,77.5,17,3.2,1.6,Medium
EMP0919,48,Female,Marketing,Bachelor,8,38440,43,2,96.3,2,1.4,2.0,Low
EMP0920,38,Female,Sales,Diploma,21,71501,21,7,94.4,22,1.1,4.0,Low
EMP0921,45,Male,HR,PhD,23,112333,52,11,98.7,2,4.2,4.2,High
EMP0922,46,Male,Marketing,Bachelor,16,26269,58,13,96.5,24,2.0,2.1,High
EMP0923,28,Male,Engineering,Bachelor,4,32868,29,2,98.0,26,2.4,2.5,Low
EMP0924,27,Male,Marketing,Master,11,55251,7,7,95.8,26,1.3,1.3,Low
EMP0925,45,Female,Engineering,Bachelor,0,102909,56,15,90.8,38,1.7,3.9,Medium
EMP0926,54,Male,HR,PhD,9,109523,72,11,75.1,24,4.1,1.0,Medium
EMP0927,50,Female,Marketing,Bachelor,10,63729,19,2,78.2,23,3.0,1.2,Low
EMP0928,43,Male,Engineering,Diploma,15,40734,24,7,76.4,7,4.5,1.0,Low
EMP0929,47,Male,Engineering,Master,13,67429,18,4,88.1,8,2.6,3.6,Low
EMP0930,49,Male,Sales,Bachelor,7,66337,4,11,85.1,36,2.1,2.7,Low
EMP0931,42,Male,Operations,Bachelor,23,65325,74,2,96.0,29,2.4,2.2,Medium
EMP0932,28,Male,Engineering,Master,16,108600,78,16,98.6,18,3.9,4.7,High
EMP0933,38,Female,Operations,PhD,24,87514,71,7,82.1,15,3.2,1.8,High
EMP0934,41,Male,Engineering,PhD,17,33433,26,13,85.2,23,4.6,2.6,Medium
EMP0935,41,Female,Operations,Bachelor,11,34111,39,5,99.1,20,3.4,4.8,High
EMP0936,43,Male,Operations,Bachelor,24,88753,25,17,78.3,35,3.0,2.7,Medium
EMP0937,49,Male,HR,Bachelor,16,105583,26,21,93.8,39,4.1,3.2,Medium
EMP0938,28,Male,HR,Master,27,98620,61,12,76.8,38,4.8,1.3,High
EMP0939,22,Female,HR,Bachelor,25,46751,49,19,90.4,5,2.4,4.2,High
EMP0940,53,Male,Finance,Bachelor,13,41453,41,7,77.6,4,2.0,2.7,Low
EMP0941,34,Male,Engineering,Master,15,110844,28,6,96.5,13,3.5,4.2,Low
EMP0942,51,Male,Engineering,Diploma,13,63968,38,8,86.8,3,3.0,2.0,Low
EMP0943,44,Male,Engineering,Bachelor,8,55077,59,13,75.6,7,5.0,2.7,Medium
EMP0944,40,Male,Sales,Bachelor,3,59775,40,5,76.7,23,2.8,4.1,Low
EMP0945,53,Male,Engineering,Master,24,83144,32,2,84.8,10,1.3,4.9,Low
EMP0946,51,Female,Finance,Master,22,73570,15,9,98.8,16,4.9,1.2,Low
EMP0947,50,Female,Operations,Bachelor,10,71097,22,11,93.1,20,4.4,4.2,Low
EMP0948,50,Male,Sales,Diploma,5,49503,6,24,84.6,25,1.7,2.2,Medium
EMP0949,51,Male,HR,PhD,14,27779,25,6,80.1,26,4.6,3.2,Medium
EMP0950,37,Female,Sales,Bachelor,4,111840,11,7,86.5,15,2.4,2.2,Low
EMP0951,40,Female,Marketing,Bachelor,10,25755,71,7,92.5,25,2.5,3.5,High
EMP0952,39,Male,Operations,Master,24,64263,4,19,93.5,32,4.6,2.4,High
EMP0953,22,Female,Marketing,PhD,17,80087,68,6,79.7,30,3.1,2.3,Medium
EMP0954,35,Male,Operations,Bachelor,29,67281,48,11,91.6,5,1.6,1.2,Medium
EMP0955,23,Male,Engineering,Master,12,76482,25,11,89.7,7,2.5,1.6,Low
EMP0956,49,Female,Marketing,Master,10,79857,4,7,98.8,6,3.9,4.7,Medium
EMP0957,51,Male,Marketing,Bachelor,13,42400,21,2,97.9,33,1.7,5.0,Low
EMP0958,25,Female,Engineering,Master,27,65115,78,19,93.7,13,3.4,4.1,High
EMP0959,22,Female,Operations,Diploma,17,39249,12,4,91.7,15,3.8,2.1,Low
EMP0960,29,Male,Engineering,Bachelor,26,71825,27,6,78.2,8,2.4,2.6,Low
EMP0961,50,Male,Finance,Bachelor,27,49600,32,17,95.4,9,3.8,4.0,High
EMP0962,24,Male,Engineering,Bachelor,24,62706,22,5,82.8,16,4.5,4.9,Medium
EMP0963,53,Male,Sales,Diploma,27,44222,17,7,78.2,11,2.9,2.8,Low
EMP0964,31,Female,Finance,Diploma,18,66139,29,9,81.5,5,2.5,4.3,Medium
EMP0965,31,Male,HR,Bachelor,23,66302,25,1,95.1,18,2.0,4.9,Medium
EMP0966,40,Male,Sales,PhD,26,119684,15,1,74.5,28,3.4,4.5,Low
EMP0967,55,Female,Sales,Master,14,112838,76,19,83.7,5,4.5,1.9,High
EMP0968,54,Male,Marketing,Master,8,93159,38,6,84.8,24,2.3,1.0,Medium
EMP0969,44,Female,Engineering,Bachelor,7,33646,32,18,71.1,23,2.6,3.0,Medium
EMP0970,49,Male,Sales,Bachelor,19,38543,25,10,75.9,24,2.6,3.1,Low
EMP0971,53,Female,Operations,Bachelor,27,119496,47,11,94.8,15,3.2,1.8,High
EMP0972,28,Male,Marketing,Master,0,47785,64,1,94.9,15,1.9,2.1,Low
EMP0973,50,Male,Sales,Bachelor,3,103353,37,1,78.8,5,4.3,4.1,Low
EMP0974,29,Male,Marketing,Diploma,13,56406,1,13,96.2,36,2.2,2.9,Medium
EMP0975,22,Male,Marketing,Bachelor,24,113992,5,5,93.2,20,3.8,2.3,Low
EMP0976,24,Female,Operations,Bachelor,1,76428,45,20,82.5,3,3.1,3.5,Medium
EMP0977,45,Female,HR,Master,15,48777,49,1,92.5,33,3.3,3.6,Medium
EMP0978,44,Female,Engineering,Master,2,82939,37,20,98.8,27,1.7,4.1,Medium
EMP0979,29,Male,Engineering,Bachelor,25,78026,17,3,83.8,37,3.9,1.6,Low
EMP0980,24,Male,Sales,Bachelor,7,111450,26,18,77.2,27,1.8,4.0,Low
EMP0981,54,Male,HR,Diploma,5,54553,40,9,98.3,16,1.5,3.4,Low
EMP0982,49,Male,Engineering,Bachelor,15,48548,71,14,88.1,13,3.2,1.2,Medium
EMP0983,29,Female,Finance,Bachelor,23,88221,73,17,73.2,6,3.8,4.1,High
EMP0984,55,Male,Sales,PhD,15,62265,16,23,87.2,21,1.2,2.5,Medium
EMP0985,56,Male,Sales,Bachelor,6,65701,61,14,85.0,0,1.3,2.3,Medium
EMP0986,53,Male,Marketing,Master,29,76287,28,4,95.7,28,4.2,2.8,Medium
EMP0987,45,Female,Sales,Bachelor,12,31727,57,5,85.9,30,4.2,2.4,Low
EMP0988,35,Female,Engineering,Bachelor,12,75717,69,21,77.7,29,2.0,2.4,High
EMP0989,53,Female,Marketing,Bachelor,4,57427,77,17,90.3,14,3.5,4.2,High
EMP0990,37,Male,Engineering,Bachelor,24,41692,21,22,86.3,17,2.8,1.5,Low
EMP0991,25,Male,Finance,Bachelor,19,56625,5,2,77.0,34,3.5,4.9,Low
EMP0992,42,Female,Marketing,Bachelor,21,49918,25,23,87.2,29,4.5,3.2,High
EMP0993,35,Female,Sales,PhD,17,66136,38,22,94.6,33,1.3,1.7,Medium
EMP0994,52,Male,Marketing,Bachelor,14,77409,11,5,70.9,10,4.1,1.5,Low
EMP0995,39,Female,HR,Bachelor,17,40577,13,4,88.9,26,3.0,3.4,Low
EMP0996,28,Female,Sales,Diploma,1,110155,21,4,80.5,23,3.3,3.5,Medium
EMP0997,31,Female,Engineering,Master,9,106731,50,6,78.8,34,3.6,1.2,Low
EMP0998,28,Female,Sales,Bachelor,22,52689,22,20,81.8,38,4.7,2.0,Medium
EMP0999,54,Male,Operations,Diploma,12,36154,47,21,80.3,7,1.2,4.2,High
EMP1000,44,Male,Sales,Bachelor,17,119948,70,13,95.0,17,1.1,1.2,Low
